,mean,sd,hdi_3%,hdi_97%,mcse_mean,mcse_sd,ess_bulk,ess_tail,r_hat
alpha,0.78,0.44,-0.05,1.59,0.02,0.01,747.0,1536.0,1.03
beta_id[0],-0.54,0.79,-2.02,0.94,0.01,0.01,3584.0,10623.0,1.0
beta_id[1],-5.24,1.03,-7.17,-3.31,0.02,0.02,1675.0,6063.0,1.01
beta_id[2],3.26,0.79,1.76,4.73,0.01,0.01,3415.0,10584.0,1.01
beta_id[3],-5.32,1.53,-8.11,-2.35,0.04,0.03,1349.0,2366.0,1.01
beta_id[4],-0.83,1.04,-2.8,1.11,0.03,0.02,1657.0,5874.0,1.01
beta_id[5],1.66,0.79,0.16,3.11,0.01,0.01,3484.0,11088.0,1.0
beta_id[6],-1.7,0.79,-3.19,-0.21,0.01,0.01,3221.0,10017.0,1.01
beta_id[7],1.0,0.79,-0.49,2.46,0.01,0.01,3548.0,10604.0,1.0
beta_id[8],-5.43,2.11,-9.46,-1.54,0.06,0.04,1194.0,2074.0,1.02
beta_id[9],-0.23,0.79,-1.71,1.25,0.01,0.01,3215.0,10672.0,1.01
beta_id[10],1.92,0.8,0.43,3.42,0.01,0.01,3612.0,11660.0,1.0
beta_id[11],-0.73,0.8,-2.24,0.74,0.01,0.01,3206.0,9971.0,1.01
beta_id[12],0.89,0.78,-0.62,2.31,0.01,0.01,3556.0,12228.0,1.0
beta_id[13],1.19,0.81,-0.31,2.74,0.02,0.01,2943.0,9263.0,1.01
beta_id[14],0.78,0.79,-0.7,2.27,0.01,0.01,3684.0,11129.0,1.0
beta_id[15],-1.78,0.79,-3.26,-0.3,0.01,0.01,3659.0,11959.0,1.0
beta_id[16],0.12,0.82,-1.44,1.65,0.02,0.01,2744.0,8586.0,1.01
beta_id[17],0.21,0.81,-1.33,1.72,0.01,0.01,3464.0,10508.0,1.0
beta_id[18],1.88,1.36,-0.64,4.48,0.04,0.02,1433.0,2517.0,1.01
beta_id[19],2.27,0.79,0.77,3.72,0.01,0.01,3533.0,10899.0,1.0
beta_id[20],-0.42,0.82,-1.97,1.12,0.02,0.01,2740.0,7827.0,1.01
beta_id[21],-4.47,0.96,-6.28,-2.67,0.02,0.02,2136.0,5196.0,1.01
beta_id[22],-1.57,0.8,-3.08,-0.08,0.01,0.01,3613.0,11485.0,1.0
beta_id[23],-2.65,1.07,-4.63,-0.61,0.03,0.02,1591.0,4654.0,1.01
beta_id[24],1.48,1.07,-0.52,3.48,0.03,0.02,1614.0,5389.0,1.01
beta_id[25],1.18,0.82,-0.34,2.74,0.02,0.01,2789.0,8417.0,1.01
beta_id[26],-0.15,0.8,-1.67,1.34,0.02,0.01,2998.0,9767.0,1.01
beta_id[27],-0.41,0.8,-1.92,1.07,0.01,0.01,3089.0,10085.0,1.01
beta_id[28],1.63,0.8,0.09,3.1,0.01,0.01,3526.0,11451.0,1.0
beta_id[29],1.1,0.8,-0.38,2.62,0.01,0.01,3708.0,12451.0,1.0
beta_id[30],-1.51,0.79,-3.01,-0.03,0.01,0.01,3669.0,12279.0,1.0
beta_id[31],-0.3,0.78,-1.79,1.15,0.01,0.01,3642.0,11560.0,1.0
beta_id[32],-2.62,1.25,-4.99,-0.29,0.03,0.02,1528.0,2895.0,1.01
beta_id[33],-5.49,1.06,-7.44,-3.46,0.03,0.02,1637.0,5276.0,1.01
beta_id[34],0.64,0.79,-0.84,2.12,0.01,0.01,3490.0,10631.0,1.0
beta_id[35],0.93,0.81,-0.6,2.45,0.02,0.01,2883.0,9320.0,1.01
beta_id[36],1.23,0.8,-0.27,2.75,0.02,0.01,3019.0,9358.0,1.01
beta_id[37],-0.89,0.81,-2.39,0.64,0.02,0.01,2883.0,9287.0,1.01
beta_id[38],-2.6,0.86,-4.18,-0.93,0.02,0.01,2784.0,8755.0,1.01
beta_id[39],0.07,0.82,-1.49,1.58,0.02,0.01,2729.0,8278.0,1.01
beta_id[40],0.52,1.22,-1.73,2.84,0.04,0.02,1234.0,4192.0,1.01
beta_id[41],-1.4,0.79,-2.88,0.11,0.01,0.01,3639.0,11800.0,1.0
beta_id[42],0.29,0.8,-1.17,1.82,0.01,0.01,3183.0,10479.0,1.01
beta_id[43],-0.19,0.81,-1.69,1.34,0.02,0.01,2994.0,9246.0,1.01
beta_id[44],-0.33,0.81,-1.85,1.2,0.02,0.01,2861.0,8564.0,1.01
beta_id[45],0.04,0.82,-1.48,1.6,0.02,0.01,2665.0,8718.0,1.01
beta_id[46],0.13,0.82,-1.44,1.65,0.02,0.01,2624.0,7745.0,1.01
beta_id[47],-0.86,0.8,-2.33,0.68,0.02,0.01,3036.0,9543.0,1.01
beta_id[48],-1.1,0.79,-2.6,0.36,0.01,0.01,3583.0,12195.0,1.0
beta_id[49],4.4,0.79,2.91,5.88,0.01,0.01,3675.0,12140.0,1.0
beta_id[50],-0.72,0.81,-2.24,0.79,0.02,0.01,2942.0,8460.0,1.01
beta_id[51],1.0,0.82,-0.56,2.52,0.02,0.01,2742.0,8645.0,1.01
beta_id[52],1.78,0.86,0.19,3.41,0.02,0.01,2895.0,8813.0,1.01
beta_id[53],0.38,0.8,-1.13,1.87,0.01,0.01,3116.0,9177.0,1.01
beta_id[54],-0.2,0.81,-1.72,1.31,0.01,0.01,3468.0,10768.0,1.0
beta_id[55],-1.08,0.8,-2.6,0.41,0.01,0.01,3444.0,12219.0,1.0
beta_id[56],-0.12,0.79,-1.62,1.35,0.01,0.01,3459.0,10020.0,1.0
beta_id[57],-1.35,0.79,-2.82,0.15,0.01,0.01,3562.0,11789.0,1.0
beta_id[58],1.04,0.79,-0.44,2.53,0.01,0.01,3581.0,11497.0,1.0
beta_id[59],-0.56,0.81,-2.08,0.97,0.02,0.01,2637.0,7276.0,1.01
beta_id[60],1.78,0.82,0.24,3.34,0.02,0.01,3193.0,10084.0,1.01
beta_id[61],-0.62,0.79,-2.11,0.87,0.01,0.01,3098.0,9194.0,1.01
beta_id[62],6.97,0.89,5.27,8.61,0.02,0.01,2576.0,7006.0,1.01
beta_id[63],0.1,0.78,-1.38,1.56,0.01,0.01,3612.0,10520.0,1.0
beta_id[64],-1.44,0.78,-2.91,0.04,0.01,0.01,3618.0,10778.0,1.0
beta_id[65],1.86,0.8,0.36,3.37,0.01,0.01,3451.0,11318.0,1.0
beta_id[66],0.61,0.8,-0.88,2.1,0.01,0.01,3239.0,10057.0,1.01
beta_id[67],4.32,1.03,2.42,6.27,0.02,0.02,1639.0,5878.0,1.01
beta_id[68],-3.11,0.82,-4.64,-1.56,0.02,0.01,3219.0,10644.0,1.0
beta_id[69],-4.7,1.04,-6.62,-2.71,0.03,0.02,1649.0,5579.0,1.01
beta_id[70],0.23,0.78,-1.25,1.7,0.01,0.01,3527.0,11649.0,1.0
beta_id[71],-0.98,0.79,-2.45,0.5,0.01,0.01,3268.0,10364.0,1.01
beta_id[72],-0.69,0.8,-2.17,0.85,0.02,0.01,2927.0,9372.0,1.01
beta_id[73],2.95,0.79,1.48,4.44,0.01,0.01,3582.0,12524.0,1.0
beta_id[74],-3.54,0.96,-5.34,-1.75,0.02,0.01,2196.0,5859.0,1.01
beta_id[75],0.61,0.8,-0.9,2.12,0.02,0.01,3027.0,10670.0,1.01
beta_id[76],-0.34,0.91,-2.04,1.38,0.02,0.01,2377.0,6167.0,1.01
beta_id[77],-1.33,0.78,-2.81,0.14,0.01,0.01,3541.0,11550.0,1.0
beta_id[78],2.93,0.82,1.41,4.49,0.01,0.01,3229.0,9821.0,1.0
beta_id[79],1.94,1.06,-0.12,3.9,0.02,0.02,1804.0,3783.0,1.01
beta_id[80],-4.21,1.02,-6.12,-2.26,0.02,0.02,1897.0,4191.0,1.01
beta_id[81],-0.91,0.79,-2.42,0.56,0.01,0.01,3124.0,10145.0,1.01
beta_id[82],-0.6,0.8,-2.09,0.93,0.01,0.01,3473.0,11597.0,1.0
beta_id[83],0.25,0.84,-1.31,1.83,0.02,0.01,3018.0,9992.0,1.01
beta_id[84],0.13,0.79,-1.37,1.62,0.01,0.01,3116.0,10787.0,1.01
beta_id[85],-2.43,0.93,-4.2,-0.68,0.02,0.01,2267.0,5622.0,1.01
beta_id[86],-0.1,0.81,-1.6,1.44,0.02,0.01,2820.0,8524.0,1.01
beta_id[87],-0.32,0.78,-1.81,1.13,0.01,0.01,3560.0,11220.0,1.0
beta_id[88],-0.75,0.81,-2.27,0.77,0.02,0.01,2910.0,9448.0,1.01
beta_id[89],-1.24,0.79,-2.73,0.26,0.01,0.01,3509.0,10745.0,1.0
beta_id[90],0.35,0.82,-1.2,1.89,0.02,0.01,2700.0,8586.0,1.01
beta_id[91],1.66,0.8,0.16,3.19,0.02,0.01,3023.0,8779.0,1.01
beta_id[92],-0.27,0.82,-1.8,1.26,0.02,0.01,2679.0,8695.0,1.01
beta_id[93],-0.4,0.79,-1.86,1.12,0.01,0.01,3516.0,11003.0,1.0
beta_id[94],-0.39,0.78,-1.88,1.06,0.01,0.01,3532.0,10477.0,1.0
beta_id[95],-2.42,0.89,-4.12,-0.76,0.02,0.01,2492.0,6748.0,1.01
beta_id[96],1.61,0.86,-0.01,3.21,0.02,0.01,2845.0,8563.0,1.01
beta_id[97],-0.28,0.8,-1.74,1.26,0.02,0.01,2990.0,9460.0,1.01
beta_id[98],-0.6,0.81,-2.11,0.92,0.02,0.01,2892.0,9570.0,1.01
beta_id[99],-0.81,0.79,-2.29,0.67,0.01,0.01,3427.0,11077.0,1.0
beta_id[100],-2.4,0.81,-3.95,-0.89,0.01,0.01,3263.0,10023.0,1.01
beta_id[101],3.74,0.79,2.24,5.21,0.01,0.01,3676.0,12160.0,1.0
beta_id[102],2.24,0.79,0.77,3.74,0.01,0.01,3403.0,11325.0,1.01
beta_id[103],-0.41,0.79,-1.87,1.09,0.01,0.01,3662.0,11626.0,1.0
beta_id[104],-0.67,0.82,-2.22,0.89,0.02,0.01,2682.0,7942.0,1.01
beta_id[105],-2.73,0.91,-4.43,-1.01,0.02,0.01,2470.0,6976.0,1.01
beta_id[106],-4.49,0.98,-6.31,-2.62,0.02,0.02,2048.0,4839.0,1.01
beta_id[107],-1.9,0.8,-3.42,-0.41,0.01,0.01,3500.0,11102.0,1.0
beta_id[108],5.42,0.81,3.88,6.93,0.02,0.01,3010.0,9867.0,1.01
beta_id[109],-0.66,0.79,-2.17,0.78,0.01,0.01,3517.0,11978.0,1.0
beta_id[110],-1.18,1.14,-3.29,0.98,0.03,0.02,1657.0,3089.0,1.01
beta_id[111],1.0,0.8,-0.5,2.5,0.01,0.01,3246.0,9575.0,1.01
beta_id[112],-2.23,0.82,-3.73,-0.66,0.01,0.01,3264.0,10142.0,1.0
beta_id[113],-0.76,0.95,-2.56,1.02,0.02,0.01,2188.0,5348.0,1.01
beta_id[114],-0.22,0.8,-1.72,1.27,0.01,0.01,3138.0,10295.0,1.01
beta_id[115],-2.42,0.79,-3.89,-0.93,0.01,0.01,3610.0,12656.0,1.0
beta_id[116],0.46,0.81,-1.07,1.97,0.02,0.01,2899.0,9136.0,1.01
beta_id[117],2.0,0.79,0.55,3.51,0.01,0.01,3412.0,10348.0,1.0
beta_id[118],0.0,0.79,-1.46,1.5,0.01,0.01,3671.0,12252.0,1.0
beta_id[119],1.83,0.8,0.34,3.34,0.01,0.01,3048.0,8720.0,1.01
beta_id[120],-1.14,0.79,-2.6,0.35,0.01,0.01,3608.0,12420.0,1.0
beta_id[121],1.55,0.82,0.04,3.11,0.01,0.01,3302.0,9667.0,1.01
beta_id[122],-0.67,0.83,-2.23,0.88,0.02,0.01,2635.0,8700.0,1.01
beta_id[123],0.46,0.98,-1.34,2.33,0.02,0.02,2083.0,5296.0,1.01
beta_id[124],0.63,0.83,-0.92,2.19,0.02,0.01,2589.0,8252.0,1.01
beta_id[125],-4.0,1.08,-6.06,-1.98,0.03,0.02,1798.0,3780.0,1.01
beta_id[126],0.57,0.8,-0.9,2.1,0.01,0.01,3095.0,10282.0,1.01
beta_id[127],-0.46,0.8,-1.96,1.04,0.01,0.01,3208.0,9790.0,1.01
beta_id[128],0.84,0.8,-0.66,2.33,0.02,0.01,2977.0,9608.0,1.01
beta_id[129],-0.6,0.78,-2.07,0.89,0.01,0.01,3332.0,11144.0,1.0
beta_id[130],-0.39,0.8,-1.88,1.12,0.01,0.01,3176.0,9316.0,1.01
beta_id[131],-0.34,0.8,-1.83,1.18,0.02,0.01,2996.0,9732.0,1.01
beta_id[132],-3.26,0.86,-4.89,-1.65,0.02,0.01,2763.0,7861.0,1.01
beta_id[133],-0.35,0.82,-1.91,1.18,0.02,0.01,2710.0,7292.0,1.01
beta_id[134],0.2,0.81,-1.33,1.69,0.02,0.01,2812.0,8766.0,1.01
beta_id[135],0.73,0.82,-0.79,2.29,0.02,0.01,2727.0,8565.0,1.01
beta_id[136],0.12,0.82,-1.42,1.66,0.02,0.01,2777.0,9054.0,1.01
beta_id[137],-6.14,1.05,-8.07,-4.14,0.03,0.02,1612.0,5368.0,1.01
beta_id[138],-0.66,0.82,-2.16,0.92,0.02,0.01,2749.0,8542.0,1.01
beta_id[139],0.19,0.81,-1.34,1.72,0.02,0.01,2819.0,8687.0,1.01
beta_id[140],-1.24,0.81,-2.71,0.32,0.01,0.01,3452.0,11866.0,1.0
beta_id[141],-0.23,0.8,-1.73,1.26,0.01,0.01,3038.0,9697.0,1.01
beta_id[142],4.08,0.8,2.6,5.58,0.01,0.01,3137.0,9421.0,1.01
beta_id[143],-0.39,0.83,-1.98,1.15,0.02,0.01,2727.0,8741.0,1.01
beta_id[144],1.18,1.02,-0.76,3.06,0.02,0.02,1657.0,6474.0,1.01
beta_id[145],0.62,0.8,-0.88,2.13,0.01,0.01,3264.0,11226.0,1.01
beta_id[146],-0.04,0.82,-1.57,1.5,0.02,0.01,2665.0,8259.0,1.01
beta_id[147],0.22,0.79,-1.28,1.68,0.01,0.01,3603.0,11700.0,1.0
beta_id[148],0.84,0.79,-0.62,2.36,0.01,0.01,3374.0,10244.0,1.01
beta_id[149],-2.33,0.81,-3.85,-0.82,0.01,0.01,3546.0,11655.0,1.0
beta_id[150],0.87,0.82,-0.68,2.39,0.02,0.01,2717.0,8231.0,1.01
beta_id[151],0.01,0.81,-1.49,1.54,0.02,0.01,3090.0,9462.0,1.01
beta_id[152],1.89,0.81,0.37,3.43,0.02,0.01,2855.0,8983.0,1.01
beta_id[153],8.32,0.81,6.74,9.78,0.02,0.01,3042.0,9622.0,1.01
beta_id[154],1.13,0.82,-0.41,2.7,0.02,0.01,2600.0,7706.0,1.01
beta_id[155],-3.12,0.9,-4.79,-1.39,0.02,0.01,2511.0,6896.0,1.01
beta_id[156],-0.1,0.79,-1.62,1.35,0.01,0.01,3184.0,10291.0,1.01
beta_id[157],1.16,0.82,-0.36,2.74,0.02,0.01,2764.0,7517.0,1.01
beta_id[158],3.64,0.81,2.09,5.15,0.02,0.01,2818.0,8519.0,1.01
beta_id[159],0.46,0.79,-1.03,1.96,0.01,0.01,3200.0,10164.0,1.01
beta_id[160],-2.24,0.84,-3.82,-0.67,0.02,0.01,3081.0,9572.0,1.01
beta_id[161],0.68,0.8,-0.82,2.21,0.02,0.01,2871.0,9074.0,1.01
beta_id[162],-1.08,0.79,-2.54,0.4,0.01,0.01,3487.0,10575.0,1.0
beta_id[163],1.28,1.02,-0.6,3.24,0.02,0.02,1630.0,5868.0,1.01
beta_id[164],-0.39,0.78,-1.86,1.1,0.01,0.01,3607.0,11090.0,1.0
beta_id[165],-0.16,0.8,-1.67,1.33,0.01,0.01,3052.0,9399.0,1.01
beta_id[166],-2.53,0.87,-4.16,-0.9,0.02,0.01,2713.0,8114.0,1.01
beta_id[167],0.33,0.82,-1.2,1.89,0.02,0.01,2726.0,8438.0,1.01
beta_id[168],0.14,0.79,-1.35,1.62,0.01,0.01,3287.0,9611.0,1.01
beta_id[169],0.58,0.82,-0.95,2.14,0.02,0.01,2653.0,8635.0,1.01
beta_id[170],-0.76,0.82,-2.32,0.76,0.02,0.01,2787.0,9264.0,1.01
beta_id[171],7.15,0.79,5.68,8.68,0.01,0.01,3531.0,11544.0,1.0
beta_id[172],1.23,0.81,-0.29,2.76,0.02,0.01,2767.0,8738.0,1.01
beta_id[173],0.49,0.8,-1.01,2.01,0.01,0.01,3658.0,12118.0,1.0
beta_id[174],2.07,0.8,0.6,3.6,0.01,0.01,3292.0,9747.0,1.0
beta_id[175],0.51,0.8,-1.0,2.0,0.02,0.01,3042.0,9872.0,1.01
beta_id[176],6.21,1.04,4.23,8.13,0.03,0.02,1651.0,5376.0,1.01
beta_id[177],-0.96,0.79,-2.44,0.55,0.01,0.01,3306.0,10008.0,1.01
beta_id[178],4.53,0.79,3.06,6.05,0.01,0.01,3627.0,10353.0,1.0
beta_id[179],-5.95,1.05,-7.92,-3.98,0.03,0.02,1646.0,5516.0,1.01
beta_id[180],0.23,0.83,-1.34,1.77,0.02,0.01,2654.0,8353.0,1.01
beta_id[181],15.54,1.05,13.56,17.51,0.02,0.02,1724.0,5689.0,1.01
beta_id[182],4.62,1.33,2.1,7.1,0.04,0.02,1468.0,2673.0,1.01
beta_id[183],-1.04,1.02,-2.95,0.88,0.02,0.02,1608.0,6233.0,1.01
beta_id[184],-0.11,0.8,-1.63,1.38,0.01,0.01,3592.0,11929.0,1.0
beta_id[185],-1.02,0.8,-2.52,0.46,0.01,0.01,3630.0,11400.0,1.0
beta_id[186],0.97,0.83,-0.62,2.51,0.02,0.01,3091.0,9659.0,1.01
beta_id[187],3.19,0.79,1.73,4.7,0.01,0.01,3293.0,11067.0,1.01
beta_id[188],0.32,0.79,-1.17,1.79,0.01,0.01,3661.0,11172.0,1.0
beta_id[189],1.63,0.84,0.02,3.18,0.02,0.01,3009.0,8759.0,1.01
beta_id[190],0.01,0.82,-1.52,1.56,0.02,0.01,2687.0,8105.0,1.01
beta_id[191],0.38,0.82,-1.18,1.91,0.02,0.01,2663.0,8581.0,1.01
beta_id[192],-5.64,1.08,-7.66,-3.61,0.03,0.02,1573.0,5049.0,1.01
beta_id[193],0.96,0.79,-0.52,2.46,0.01,0.01,3281.0,9643.0,1.01
beta_id[194],2.61,0.79,1.12,4.08,0.01,0.01,3297.0,11215.0,1.01
beta_id[195],-8.78,1.04,-10.74,-6.85,0.03,0.02,1564.0,6135.0,1.01
beta_id[196],-3.89,1.06,-5.85,-1.86,0.03,0.02,1621.0,5220.0,1.01
beta_id[197],-0.83,0.79,-2.33,0.64,0.01,0.01,3298.0,9873.0,1.01
beta_id[198],0.96,0.82,-0.61,2.48,0.02,0.01,2606.0,8384.0,1.01
beta_id[199],8.32,0.79,6.83,9.81,0.01,0.01,3549.0,12066.0,1.0
beta_id[200],-0.48,0.8,-1.99,1.03,0.01,0.01,3109.0,10322.0,1.01
beta_id[201],-0.84,1.02,-2.78,1.06,0.03,0.02,1599.0,6480.0,1.0
beta_id[202],1.56,0.79,0.08,3.05,0.01,0.01,3552.0,12153.0,1.0
beta_id[203],0.65,0.8,-0.86,2.17,0.01,0.01,3569.0,12526.0,1.0
beta_id[204],0.06,0.81,-1.46,1.6,0.02,0.01,2769.0,8071.0,1.01
beta_id[205],-4.9,1.88,-8.43,-1.35,0.06,0.04,1145.0,2359.0,1.01
beta_id[206],-4.1,1.03,-6.06,-2.19,0.03,0.02,1539.0,5627.0,1.01
beta_id[207],-1.11,1.05,-3.12,0.82,0.03,0.02,1646.0,5558.0,1.01
beta_id[208],0.9,0.82,-0.64,2.44,0.02,0.01,2551.0,7801.0,1.01
beta_id[209],1.95,0.78,0.46,3.39,0.01,0.01,3428.0,10332.0,1.01
beta_id[210],-1.15,1.29,-3.54,1.32,0.03,0.02,1492.0,2615.0,1.01
beta_id[211],7.59,1.04,5.64,9.57,0.03,0.02,1632.0,5388.0,1.01
beta_id[212],-4.76,1.02,-6.62,-2.79,0.03,0.02,1595.0,6422.0,1.01
beta_id[213],-2.03,0.8,-3.53,-0.51,0.01,0.01,3327.0,11483.0,1.0
beta_id[214],-0.11,0.89,-1.77,1.59,0.02,0.01,2522.0,7823.0,1.01
beta_id[215],1.42,1.05,-0.61,3.38,0.02,0.02,1820.0,3793.0,1.01
beta_id[216],-1.45,0.8,-2.94,0.06,0.01,0.01,3145.0,9904.0,1.01
beta_id[217],-0.77,0.81,-2.29,0.76,0.02,0.01,2884.0,8452.0,1.01
beta_id[218],3.13,0.81,1.62,4.68,0.02,0.01,2760.0,8608.0,1.01
beta_id[219],0.7,0.82,-0.86,2.21,0.02,0.01,2849.0,8343.0,1.01
beta_id[220],0.45,0.79,-1.03,1.95,0.01,0.01,3749.0,10777.0,1.0
beta_id[221],-0.88,0.78,-2.34,0.6,0.01,0.01,3462.0,11304.0,1.0
beta_id[222],-0.38,0.79,-1.9,1.09,0.01,0.01,3208.0,9049.0,1.01
beta_id[223],0.23,0.8,-1.27,1.73,0.01,0.01,3117.0,10048.0,1.01
beta_id[224],-2.6,1.02,-4.49,-0.66,0.03,0.02,1600.0,5979.0,1.01
beta_id[225],-0.65,0.8,-2.12,0.87,0.01,0.01,3237.0,10489.0,1.01
beta_id[226],-0.7,0.81,-2.22,0.82,0.02,0.01,2991.0,9116.0,1.01
beta_id[227],-0.6,0.83,-2.13,0.97,0.02,0.01,2584.0,8429.0,1.01
beta_id[228],0.71,0.8,-0.82,2.17,0.01,0.01,3240.0,10081.0,1.01
beta_id[229],0.37,0.79,-1.15,1.84,0.01,0.01,3302.0,10832.0,1.0
beta_id[230],-0.19,0.79,-1.68,1.3,0.01,0.01,3395.0,10812.0,1.0
beta_id[231],2.57,0.86,0.98,4.2,0.02,0.01,2719.0,8597.0,1.01
beta_id[232],-0.63,0.8,-2.11,0.89,0.02,0.01,2913.0,8264.0,1.01
beta_id[233],-0.72,0.78,-2.2,0.74,0.01,0.01,3637.0,12353.0,1.0
beta_id[234],-4.04,1.02,-5.95,-2.1,0.02,0.02,1649.0,6197.0,1.01
beta_id[235],22.11,1.05,20.13,24.08,0.03,0.02,1611.0,6519.0,1.0
beta_id[236],0.77,0.79,-0.72,2.24,0.01,0.01,3466.0,10961.0,1.0
beta_id[237],-0.42,0.8,-1.97,1.03,0.01,0.01,3130.0,9633.0,1.01
beta_id[238],0.58,0.79,-0.88,2.08,0.01,0.01,3297.0,11481.0,1.01
beta_id[239],-1.3,0.79,-2.76,0.21,0.01,0.01,3137.0,10303.0,1.01
beta_id[240],-0.85,0.81,-2.38,0.68,0.02,0.01,2819.0,8743.0,1.01
beta_id[241],-1.38,1.04,-3.3,0.6,0.02,0.02,1678.0,5633.0,1.01
beta_id[242],-1.81,0.85,-3.39,-0.21,0.02,0.01,2929.0,9167.0,1.01
beta_id[243],1.11,0.79,-0.36,2.6,0.01,0.01,3543.0,11552.0,1.0
beta_id[244],-0.16,1.3,-2.57,2.33,0.03,0.02,1492.0,2591.0,1.01
beta_id[245],0.36,0.78,-1.1,1.84,0.01,0.01,3611.0,11338.0,1.0
beta_id[246],4.1,0.79,2.6,5.59,0.01,0.01,3436.0,11205.0,1.01
beta_id[247],-3.4,1.41,-6.11,-0.79,0.04,0.03,1410.0,2466.0,1.01
beta_id[248],0.45,0.8,-1.07,1.94,0.01,0.01,3602.0,12149.0,1.0
beta_id[249],-5.83,1.11,-7.89,-3.7,0.03,0.02,1319.0,5313.0,1.01
beta_id[250],1.96,0.98,0.08,3.8,0.02,0.02,2067.0,4828.0,1.01
beta_id[251],0.4,0.81,-1.1,1.93,0.01,0.01,3107.0,9796.0,1.01
beta_id[252],0.9,0.81,-0.64,2.41,0.01,0.01,3329.0,10787.0,1.01
beta_id[253],-0.61,0.8,-2.1,0.91,0.01,0.01,3128.0,9789.0,1.01
beta_id[254],3.02,0.79,1.55,4.5,0.01,0.01,3525.0,10525.0,1.0
beta_id[255],0.31,0.78,-1.14,1.79,0.01,0.01,3465.0,11412.0,1.0
beta_id[256],1.51,0.79,0.05,3.0,0.01,0.01,3564.0,10980.0,1.0
beta_id[257],-0.04,0.83,-1.6,1.5,0.02,0.01,3111.0,9354.0,1.01
beta_id[258],-0.56,0.81,-2.09,0.96,0.02,0.01,2871.0,9174.0,1.01
beta_id[259],-0.06,0.81,-1.59,1.45,0.02,0.01,2880.0,8320.0,1.01
beta_id[260],-0.47,0.8,-1.96,1.04,0.02,0.01,2963.0,9402.0,1.01
beta_id[261],-0.04,0.79,-1.52,1.46,0.01,0.01,3414.0,9757.0,1.0
beta_id[262],-0.7,0.79,-2.15,0.81,0.01,0.01,3393.0,10397.0,1.0
beta_id[263],-1.49,0.79,-3.02,-0.04,0.01,0.01,3475.0,11497.0,1.0
beta_id[264],-0.96,0.81,-2.49,0.58,0.02,0.01,2783.0,8396.0,1.01
beta_id[265],1.2,0.79,-0.3,2.66,0.01,0.01,3672.0,11891.0,1.0
beta_id[266],-0.37,0.8,-1.87,1.12,0.01,0.01,3443.0,11174.0,1.0
beta_id[267],-0.3,0.81,-1.84,1.2,0.02,0.01,2883.0,8848.0,1.01
beta_id[268],-1.82,0.85,-3.4,-0.19,0.02,0.01,2917.0,9196.0,1.01
beta_id[269],-2.72,1.11,-4.84,-0.64,0.03,0.02,1737.0,3382.0,1.01
beta_id[270],3.3,1.21,1.0,5.55,0.04,0.02,1220.0,4341.0,1.01
beta_id[271],-0.87,0.79,-2.36,0.63,0.01,0.01,3633.0,10660.0,1.0
beta_id[272],-0.83,0.82,-2.36,0.73,0.02,0.01,2728.0,8879.0,1.01
beta_id[273],-0.49,0.79,-1.99,0.99,0.01,0.01,3568.0,11765.0,1.0
beta_id[274],-3.54,1.02,-5.46,-1.63,0.02,0.02,1658.0,6768.0,1.0
beta_id[275],-4.81,2.3,-9.18,-0.52,0.07,0.05,1092.0,2082.0,1.02
beta_id[276],0.2,0.79,-1.3,1.67,0.01,0.01,3372.0,11866.0,1.0
beta_id[277],-0.65,0.79,-2.14,0.83,0.01,0.01,3053.0,9229.0,1.01
beta_id[278],-2.15,0.8,-3.64,-0.63,0.01,0.01,3450.0,11820.0,1.0
beta_id[279],-0.58,0.79,-2.07,0.89,0.01,0.01,3489.0,11509.0,1.0
beta_id[280],4.12,0.9,2.49,5.86,0.02,0.01,2453.0,6865.0,1.01
beta_id[281],-0.22,0.8,-1.74,1.3,0.02,0.01,2899.0,8632.0,1.01
beta_id[282],2.83,0.8,1.32,4.3,0.01,0.01,3479.0,11655.0,1.0
beta_id[283],-1.95,0.79,-3.41,-0.45,0.01,0.01,3226.0,9737.0,1.01
beta_id[284],-0.32,0.8,-1.85,1.17,0.01,0.01,3151.0,10042.0,1.01
beta_id[285],-0.29,0.8,-1.79,1.19,0.01,0.01,3627.0,11580.0,1.0
beta_id[286],0.65,0.79,-0.8,2.16,0.01,0.01,3688.0,12777.0,1.0
beta_id[287],-0.77,0.79,-2.24,0.74,0.01,0.01,3160.0,9361.0,1.01
beta_id[288],2.71,0.79,1.23,4.2,0.01,0.01,3719.0,11338.0,1.0
beta_id[289],-0.23,0.8,-1.73,1.26,0.01,0.01,3238.0,9986.0,1.0
beta_id[290],-6.57,1.06,-8.56,-4.57,0.03,0.02,1629.0,4895.0,1.01
beta_id[291],11.63,1.05,9.68,13.61,0.03,0.02,1675.0,5481.0,1.01
beta_id[292],0.47,0.79,-1.0,1.97,0.01,0.01,3446.0,10033.0,1.0
beta_id[293],0.34,0.81,-1.17,1.88,0.01,0.01,3274.0,10854.0,1.01
beta_id[294],-0.83,0.83,-2.37,0.73,0.02,0.01,2635.0,8280.0,1.01
beta_id[295],-0.1,0.78,-1.58,1.37,0.01,0.01,3481.0,12029.0,1.0
beta_id[296],0.41,0.81,-1.12,1.94,0.02,0.01,2764.0,8613.0,1.01
beta_id[297],-2.91,0.79,-4.41,-1.43,0.01,0.01,3529.0,11995.0,1.0
beta_id[298],0.56,0.79,-0.93,2.02,0.01,0.01,3419.0,11687.0,1.0
beta_id[299],3.97,1.03,2.04,5.9,0.03,0.02,1554.0,6366.0,1.01
beta_id[300],-2.06,0.8,-3.59,-0.57,0.01,0.01,3480.0,10173.0,1.0
beta_id[301],-0.31,0.81,-1.82,1.23,0.02,0.01,2964.0,9174.0,1.01
beta_id[302],1.49,0.79,0.02,3.0,0.01,0.01,3685.0,12712.0,1.0
beta_id[303],2.42,0.81,0.9,3.93,0.02,0.01,2886.0,8558.0,1.01
beta_id[304],-3.11,1.02,-5.04,-1.2,0.03,0.02,1592.0,6146.0,1.0
beta_id[305],2.64,0.8,1.16,4.16,0.01,0.01,3147.0,10377.0,1.01
beta_id[306],0.52,0.82,-1.0,2.07,0.02,0.01,2749.0,8419.0,1.01
beta_id[307],-2.94,1.08,-4.94,-0.88,0.03,0.02,1616.0,4660.0,1.01
beta_id[308],-0.94,0.81,-2.46,0.59,0.02,0.01,2769.0,7828.0,1.01
beta_id[309],-2.17,0.79,-3.67,-0.68,0.01,0.01,3687.0,11494.0,1.0
beta_id[310],0.17,0.81,-1.35,1.71,0.02,0.01,2857.0,9303.0,1.01
beta_id[311],1.32,0.81,-0.18,2.86,0.02,0.01,2994.0,9404.0,1.01
beta_id[312],0.26,0.79,-1.19,1.77,0.01,0.01,3362.0,10721.0,1.01
beta_id[313],1.65,0.78,0.16,3.12,0.01,0.01,3360.0,11361.0,1.0
beta_id[314],2.15,0.78,0.7,3.63,0.01,0.01,3537.0,12317.0,1.0
beta_id[315],-0.5,0.81,-2.0,1.05,0.02,0.01,2935.0,9345.0,1.01
beta_id[316],0.11,0.83,-1.43,1.68,0.02,0.01,2627.0,8578.0,1.01
beta_id[317],-0.88,0.78,-2.38,0.57,0.01,0.01,3669.0,12194.0,1.0
beta_id[318],1.79,0.8,0.32,3.31,0.01,0.01,3587.0,11446.0,1.0
beta_id[319],-3.19,0.84,-4.76,-1.61,0.02,0.01,2903.0,8999.0,1.01
beta_id[320],-2.46,0.79,-3.96,-1.0,0.01,0.01,3664.0,12250.0,1.0
beta_id[321],-0.49,0.81,-2.04,1.0,0.02,0.01,2883.0,8905.0,1.01
beta_id[322],-6.75,1.62,-9.83,-3.72,0.04,0.03,1308.0,2224.0,1.01
beta_id[323],-2.17,0.99,-4.05,-0.32,0.02,0.02,2012.0,4556.0,1.01
beta_id[324],-2.14,0.8,-3.65,-0.62,0.01,0.01,3442.0,11158.0,1.0
beta_id[325],1.46,0.79,-0.04,2.92,0.01,0.01,3317.0,13074.0,1.0
beta_id[326],-6.38,1.02,-8.3,-4.46,0.03,0.02,1579.0,6193.0,1.0
beta_id[327],-0.08,0.86,-1.68,1.53,0.02,0.01,2880.0,8905.0,1.01
beta_id[328],-0.52,0.82,-2.07,1.02,0.02,0.01,2753.0,7923.0,1.01
beta_id[329],0.63,0.81,-0.88,2.15,0.02,0.01,2868.0,8521.0,1.01
beta_id[330],18.21,1.1,16.12,20.27,0.03,0.02,1468.0,5495.0,1.01
beta_id[331],1.32,0.78,-0.16,2.78,0.01,0.01,3464.0,10756.0,1.0
beta_id[332],-5.1,1.07,-7.08,-3.07,0.03,0.02,1626.0,4828.0,1.01
beta_id[333],-0.27,0.79,-1.73,1.24,0.01,0.01,3316.0,9746.0,1.01
beta_id[334],-0.37,0.8,-1.86,1.14,0.01,0.01,3494.0,11248.0,1.0
beta_id[335],-0.68,0.81,-2.18,0.85,0.02,0.01,3004.0,9572.0,1.01
beta_id[336],-0.36,0.82,-1.91,1.15,0.02,0.01,2641.0,8646.0,1.01
beta_id[337],-0.6,0.81,-2.13,0.91,0.02,0.01,2990.0,9042.0,1.01
beta_id[338],-0.19,0.83,-1.78,1.33,0.02,0.01,2664.0,8713.0,1.01
beta_id[339],-0.57,0.82,-2.16,0.95,0.02,0.01,2758.0,8215.0,1.01
beta_id[340],1.82,0.79,0.31,3.3,0.01,0.01,3345.0,9920.0,1.01
beta_id[341],3.34,0.8,1.85,4.87,0.02,0.01,3061.0,9767.0,1.01
beta_id[342],-0.06,1.06,-2.05,1.95,0.03,0.02,1622.0,5051.0,1.01
beta_id[343],-5.46,1.07,-7.46,-3.46,0.03,0.02,1650.0,5145.0,1.01
beta_id[344],0.17,0.79,-1.33,1.65,0.01,0.01,3597.0,10790.0,1.0
beta_id[345],0.52,0.8,-0.98,2.02,0.01,0.01,3131.0,9439.0,1.01
beta_id[346],-0.18,0.82,-1.74,1.36,0.02,0.01,2669.0,7994.0,1.01
beta_id[347],0.44,0.8,-1.04,1.95,0.01,0.01,3244.0,10033.0,1.01
beta_id[348],-7.3,1.02,-9.26,-5.43,0.02,0.02,1659.0,6495.0,1.0
beta_id[349],3.99,0.79,2.46,5.45,0.01,0.01,3319.0,11286.0,1.0
beta_id[350],-2.14,0.8,-3.64,-0.62,0.01,0.01,3555.0,11479.0,1.0
beta_id[351],5.72,1.02,3.78,7.61,0.02,0.02,1632.0,6318.0,1.01
beta_id[352],0.47,0.82,-1.08,2.0,0.02,0.01,2753.0,8878.0,1.01
beta_id[353],-0.08,0.79,-1.56,1.41,0.01,0.01,3707.0,12906.0,1.0
beta_id[354],0.52,1.3,-1.87,3.03,0.04,0.03,1158.0,3582.0,1.01
beta_id[355],-1.33,1.15,-3.46,0.86,0.03,0.02,1273.0,5042.0,1.01
beta_id[356],-0.29,0.8,-1.78,1.23,0.01,0.01,3618.0,12537.0,1.0
beta_id[357],-1.19,0.79,-2.66,0.3,0.01,0.01,3206.0,10727.0,1.01
beta_id[358],-1.13,0.82,-2.66,0.44,0.01,0.01,3286.0,10396.0,1.01
beta_id[359],-0.87,0.83,-2.41,0.69,0.02,0.01,2633.0,7909.0,1.01
beta_id[360],0.14,0.92,-1.61,1.85,0.02,0.01,2354.0,5949.0,1.01
beta_id[361],-5.03,1.07,-7.01,-2.98,0.03,0.02,1620.0,5110.0,1.01
beta_id[362],0.41,0.84,-1.16,1.99,0.02,0.01,3106.0,10236.0,1.01
beta_id[363],-0.6,0.82,-2.16,0.93,0.02,0.01,2592.0,7538.0,1.01
beta_id[364],-0.32,0.8,-1.83,1.17,0.01,0.01,3214.0,9787.0,1.01
beta_id[365],-0.02,0.82,-1.54,1.52,0.02,0.01,2845.0,9460.0,1.01
beta_id[366],1.32,0.83,-0.26,2.86,0.02,0.01,2640.0,7777.0,1.01
beta_id[367],0.12,0.84,-1.44,1.69,0.02,0.01,3009.0,9419.0,1.01
beta_id[368],-0.46,0.82,-1.99,1.1,0.02,0.01,2685.0,7629.0,1.01
beta_id[369],-0.21,0.82,-1.75,1.34,0.02,0.01,2646.0,8438.0,1.01
beta_id[370],0.99,0.82,-0.55,2.54,0.02,0.01,2746.0,8174.0,1.01
beta_id[371],-2.76,1.08,-4.75,-0.69,0.03,0.02,1627.0,4559.0,1.01
beta_id[372],1.16,0.78,-0.29,2.65,0.01,0.01,3552.0,13428.0,1.0
beta_id[373],2.59,0.81,1.06,4.12,0.01,0.01,3306.0,11502.0,1.01
beta_id[374],-0.89,0.82,-2.45,0.64,0.02,0.01,2751.0,8608.0,1.01
beta_id[375],-0.96,0.82,-2.5,0.56,0.02,0.01,3010.0,10026.0,1.01
beta_id[376],-0.58,0.8,-2.09,0.9,0.01,0.01,3160.0,9960.0,1.01
beta_id[377],-0.92,0.81,-2.46,0.6,0.02,0.01,2928.0,8340.0,1.01
beta_id[378],-0.92,0.8,-2.42,0.6,0.01,0.01,3451.0,11953.0,1.0
beta_id[379],-0.22,0.79,-1.67,1.27,0.01,0.01,3452.0,11110.0,1.0
beta_id[380],0.01,0.82,-1.51,1.56,0.02,0.01,2675.0,8066.0,1.01
beta_id[381],1.56,0.79,0.1,3.06,0.01,0.01,3832.0,12459.0,1.0
beta_id[382],-1.67,0.8,-3.19,-0.19,0.01,0.01,3457.0,12130.0,1.0
beta_id[383],1.39,0.79,-0.07,2.88,0.01,0.01,3441.0,10453.0,1.0
beta_id[384],-0.69,0.82,-2.26,0.84,0.02,0.01,2569.0,8449.0,1.01
beta_id[385],0.84,0.79,-0.68,2.32,0.01,0.01,3551.0,12102.0,1.0
beta_id[386],0.0,0.85,-1.58,1.62,0.02,0.01,3022.0,9632.0,1.01
beta_id[387],2.05,1.08,-0.02,4.07,0.03,0.02,1607.0,4825.0,1.01
beta_id[388],-0.32,0.82,-1.89,1.19,0.02,0.01,2636.0,8150.0,1.01
beta_id[389],3.23,0.79,1.75,4.72,0.01,0.01,3647.0,11371.0,1.0
beta_id[390],-2.43,0.84,-3.98,-0.83,0.02,0.01,3020.0,9432.0,1.01
beta_id[391],3.33,0.78,1.86,4.8,0.01,0.01,3638.0,10841.0,1.0
beta_id[392],-0.9,0.84,-2.46,0.69,0.02,0.01,3088.0,9875.0,1.01
beta_id[393],1.56,0.81,0.0,3.05,0.02,0.01,2829.0,8562.0,1.01
beta_id[394],-1.74,0.94,-3.55,-0.03,0.02,0.01,2244.0,5296.0,1.01
beta_id[395],-2.1,0.79,-3.59,-0.62,0.01,0.01,3612.0,12512.0,1.0
beta_id[396],-2.13,0.79,-3.61,-0.65,0.01,0.01,3650.0,12910.0,1.0
beta_id[397],-0.36,0.8,-1.84,1.15,0.01,0.01,3646.0,12847.0,1.0
beta_id[398],-0.53,0.8,-2.06,0.96,0.02,0.01,2886.0,8844.0,1.01
beta_id[399],-1.67,0.88,-3.34,-0.02,0.02,0.01,2661.0,7830.0,1.01
beta_id[400],-2.58,0.9,-4.26,-0.87,0.02,0.01,2440.0,7259.0,1.01
beta_id[401],-0.86,0.81,-2.42,0.63,0.02,0.01,2896.0,8499.0,1.01
beta_id[402],-6.62,1.07,-8.55,-4.56,0.03,0.02,1628.0,5270.0,1.01
beta_id[403],-0.41,0.83,-1.94,1.16,0.02,0.01,2659.0,8321.0,1.01
beta_id[404],-2.21,0.83,-3.75,-0.63,0.02,0.01,3191.0,10116.0,1.01
beta_id[405],-1.18,0.78,-2.68,0.27,0.01,0.01,3686.0,11244.0,1.0
beta_id[406],1.49,0.8,-0.02,2.98,0.02,0.01,2892.0,9123.0,1.01
beta_id[407],-0.2,0.82,-1.76,1.35,0.02,0.01,2671.0,7827.0,1.01
beta_id[408],-1.9,0.82,-3.44,-0.35,0.02,0.01,3215.0,10437.0,1.0
beta_id[409],-0.89,0.79,-2.38,0.6,0.01,0.01,3127.0,9613.0,1.01
beta_id[410],2.15,0.8,0.62,3.64,0.01,0.01,3520.0,11426.0,1.0
beta_id[411],-1.79,0.79,-3.25,-0.3,0.01,0.01,3269.0,10328.0,1.01
beta_id[412],0.36,0.8,-1.12,1.89,0.02,0.01,3032.0,10433.0,1.01
beta_id[413],0.17,0.8,-1.33,1.68,0.02,0.01,2983.0,8828.0,1.01
beta_id[414],-0.11,0.82,-1.66,1.42,0.01,0.01,3221.0,11237.0,1.0
beta_id[415],-2.59,1.16,-4.78,-0.39,0.03,0.02,1633.0,3166.0,1.01
beta_id[416],-1.07,0.8,-2.59,0.41,0.02,0.01,3008.0,9061.0,1.01
beta_id[417],0.13,0.82,-1.42,1.64,0.02,0.01,2801.0,8458.0,1.01
beta_id[418],-6.42,1.14,-8.55,-4.28,0.03,0.02,1704.0,3027.0,1.01
beta_id[419],-0.75,0.81,-2.3,0.74,0.02,0.01,2814.0,9156.0,1.01
beta_id[420],5.47,0.79,3.95,6.94,0.01,0.01,3194.0,10285.0,1.01
beta_id[421],0.4,0.79,-1.07,1.91,0.01,0.01,3208.0,9322.0,1.01
beta_id[422],0.99,1.02,-0.95,2.88,0.03,0.02,1583.0,6094.0,1.0
beta_id[423],-0.61,0.82,-2.15,0.92,0.02,0.01,2831.0,8754.0,1.01
beta_id[424],-2.51,1.05,-4.47,-0.54,0.03,0.02,1655.0,5111.0,1.01
beta_id[425],-1.44,1.05,-3.43,0.53,0.03,0.02,1645.0,4972.0,1.01
beta_id[426],-0.29,0.82,-1.83,1.25,0.02,0.01,2799.0,8667.0,1.01
beta_id[427],0.55,1.03,-1.37,2.52,0.02,0.02,1648.0,5428.0,1.01
beta_id[428],2.47,0.8,0.95,3.94,0.01,0.01,3387.0,11620.0,1.0
beta_id[429],1.56,0.81,0.04,3.07,0.02,0.01,2886.0,9235.0,1.01
beta_id[430],1.4,0.79,-0.13,2.85,0.01,0.01,3390.0,10050.0,1.0
beta_id[431],-0.65,0.79,-2.14,0.84,0.01,0.01,3244.0,10626.0,1.0
beta_id[432],-0.71,0.8,-2.21,0.81,0.02,0.01,2987.0,9523.0,1.01
beta_id[433],0.31,0.79,-1.17,1.8,0.01,0.01,3373.0,10575.0,1.0
beta_id[434],-0.25,1.02,-2.18,1.66,0.02,0.02,1644.0,6051.0,1.01
beta_id[435],-0.88,0.79,-2.4,0.56,0.01,0.01,3310.0,10174.0,1.01
beta_id[436],-1.13,0.81,-2.66,0.39,0.02,0.01,2870.0,9346.0,1.01
beta_id[437],-3.19,0.9,-4.87,-1.49,0.02,0.01,2497.0,6499.0,1.01
beta_id[438],1.08,0.81,-0.47,2.58,0.02,0.01,2813.0,8620.0,1.01
beta_id[439],-0.95,0.78,-2.44,0.52,0.01,0.01,3643.0,10302.0,1.0
beta_id[440],1.17,0.8,-0.34,2.68,0.01,0.01,3370.0,10788.0,1.0
beta_id[441],1.8,0.78,0.31,3.26,0.01,0.01,3722.0,11842.0,1.0
beta_id[442],1.82,1.02,-0.09,3.75,0.02,0.02,1662.0,6662.0,1.01
beta_id[443],1.69,0.81,0.2,3.26,0.02,0.01,2874.0,8857.0,1.01
beta_id[444],-0.88,0.81,-2.38,0.67,0.02,0.01,3072.0,9837.0,1.01
beta_id[445],-0.31,0.79,-1.79,1.15,0.01,0.01,3608.0,11753.0,1.0
beta_id[446],-0.6,0.81,-2.1,0.94,0.02,0.01,2832.0,8597.0,1.01
beta_id[447],1.38,0.82,-0.16,2.92,0.02,0.01,2739.0,8982.0,1.01
beta_id[448],-4.37,1.03,-6.3,-2.44,0.03,0.02,1585.0,6119.0,1.01
beta_id[449],-1.31,1.06,-3.31,0.66,0.03,0.02,1451.0,5845.0,1.01
beta_id[450],-0.16,0.79,-1.67,1.31,0.01,0.01,3323.0,11007.0,1.01
beta_id[451],0.85,0.81,-0.69,2.34,0.02,0.01,2868.0,8767.0,1.01
beta_id[452],-1.01,0.79,-2.5,0.48,0.01,0.01,3319.0,10636.0,1.0
beta_id[453],-2.33,1.05,-4.32,-0.39,0.03,0.02,1653.0,5505.0,1.01
beta_id[454],-0.81,0.82,-2.37,0.72,0.02,0.01,2791.0,8812.0,1.01
beta_id[455],-0.57,0.8,-2.06,0.93,0.01,0.01,3187.0,9542.0,1.01
beta_id[456],-0.45,0.82,-1.99,1.08,0.02,0.01,2858.0,8845.0,1.01
beta_id[457],-0.03,0.82,-1.56,1.49,0.02,0.01,2755.0,8338.0,1.01
beta_id[458],-0.61,0.81,-2.12,0.91,0.02,0.01,2959.0,8480.0,1.01
beta_id[459],-0.91,0.79,-2.41,0.56,0.01,0.01,3498.0,11375.0,1.0
beta_id[460],13.97,1.04,12.05,15.94,0.03,0.02,1520.0,6255.0,1.01
beta_id[461],-0.33,0.79,-1.82,1.14,0.01,0.01,3290.0,10380.0,1.01
beta_id[462],2.68,0.79,1.21,4.19,0.01,0.01,3441.0,11298.0,1.0
beta_id[463],-0.37,0.83,-1.92,1.17,0.02,0.01,2589.0,8355.0,1.01
beta_id[464],-1.26,0.79,-2.73,0.24,0.01,0.01,3449.0,11418.0,1.01
beta_id[465],2.25,0.8,0.8,3.79,0.01,0.01,3515.0,12944.0,1.0
beta_id[466],0.65,0.82,-0.87,2.2,0.02,0.01,2705.0,9448.0,1.01
beta_id[467],-0.31,0.83,-1.87,1.25,0.02,0.01,2612.0,8035.0,1.01
beta_id[468],-1.26,1.02,-3.15,0.69,0.02,0.02,1634.0,6050.0,1.01
beta_id[469],-0.27,0.8,-1.79,1.21,0.01,0.01,3061.0,9607.0,1.01
beta_id[470],3.11,0.83,1.58,4.69,0.02,0.01,2588.0,8638.0,1.01
beta_id[471],-0.91,0.79,-2.37,0.59,0.01,0.01,3395.0,11416.0,1.01
beta_id[472],-1.11,0.79,-2.58,0.38,0.01,0.01,3271.0,9684.0,1.0
beta_id[473],3.0,0.82,1.5,4.58,0.02,0.01,3182.0,10834.0,1.0
beta_id[474],0.93,0.82,-0.63,2.46,0.02,0.01,2722.0,8255.0,1.01
beta_id[475],-0.38,0.8,-1.84,1.14,0.01,0.01,3233.0,9882.0,1.01
beta_id[476],-0.39,0.82,-1.92,1.16,0.02,0.01,2746.0,8471.0,1.01
beta_id[477],-0.06,0.82,-1.57,1.53,0.02,0.01,2629.0,7869.0,1.01
beta_id[478],-2.55,0.8,-4.03,-1.02,0.01,0.01,3645.0,11208.0,1.0
beta_id[479],-0.02,0.8,-1.52,1.48,0.02,0.01,2955.0,8162.0,1.01
beta_id[480],0.77,0.78,-0.67,2.25,0.01,0.01,3332.0,10922.0,1.01
beta_id[481],-0.85,0.81,-2.35,0.68,0.02,0.01,2897.0,8540.0,1.01
beta_id[482],1.24,0.82,-0.32,2.77,0.02,0.01,2652.0,8566.0,1.01
beta_id[483],-1.09,0.8,-2.56,0.45,0.01,0.01,3187.0,9591.0,1.01
beta_id[484],0.67,0.79,-0.8,2.16,0.01,0.01,3469.0,10244.0,1.0
beta_id[485],0.77,0.82,-0.8,2.29,0.02,0.01,2616.0,8209.0,1.01
beta_id[486],1.47,0.82,-0.02,3.07,0.02,0.01,2727.0,7988.0,1.01
beta_id[487],-1.21,0.81,-2.69,0.36,0.02,0.01,2935.0,8656.0,1.01
beta_id[488],-1.0,0.81,-2.52,0.51,0.02,0.01,2997.0,9214.0,1.01
beta_id[489],-0.74,0.82,-2.27,0.82,0.02,0.01,2619.0,7654.0,1.01
beta_id[490],-5.54,1.06,-7.49,-3.53,0.03,0.02,1649.0,5164.0,1.01
beta_id[491],-0.75,0.82,-2.25,0.84,0.02,0.01,2692.0,8414.0,1.01
beta_id[492],0.66,0.83,-0.91,2.2,0.02,0.01,2597.0,8990.0,1.01
beta_id[493],-0.5,0.81,-2.05,0.99,0.02,0.01,2789.0,8636.0,1.01
beta_id[494],-0.2,0.81,-1.74,1.32,0.02,0.01,2794.0,8890.0,1.01
beta_id[495],-4.8,1.06,-6.8,-2.82,0.03,0.02,1648.0,5137.0,1.01
beta_id[496],-8.03,1.29,-10.38,-5.57,0.04,0.03,1161.0,3850.0,1.01
beta_id[497],-0.5,0.81,-2.01,1.05,0.02,0.01,2876.0,8430.0,1.01
beta_id[498],-0.32,0.8,-1.83,1.19,0.02,0.01,2957.0,10161.0,1.01
beta_id[499],-0.62,0.79,-2.1,0.85,0.01,0.01,3417.0,10189.0,1.0
beta_id[500],0.62,0.81,-0.92,2.11,0.02,0.01,2921.0,8441.0,1.01
beta_id[501],1.08,0.81,-0.44,2.59,0.02,0.01,3045.0,9713.0,1.01
beta_id[502],0.68,0.82,-0.86,2.21,0.02,0.01,2729.0,8291.0,1.01
beta_id[503],-2.36,1.04,-4.29,-0.38,0.03,0.02,1657.0,5502.0,1.01
beta_id[504],-7.55,1.03,-9.47,-5.6,0.03,0.02,1524.0,6055.0,1.01
beta_id[505],1.2,0.78,-0.27,2.67,0.01,0.01,3719.0,11685.0,1.0
beta_id[506],5.52,0.79,4.02,6.99,0.01,0.01,3054.0,9793.0,1.01
beta_id[507],3.22,1.09,1.18,5.26,0.03,0.02,1363.0,5391.0,1.01
beta_id[508],-0.09,0.79,-1.57,1.4,0.01,0.01,3514.0,10863.0,1.0
beta_id[509],-0.51,0.79,-1.99,0.99,0.01,0.01,3206.0,9345.0,1.01
beta_id[510],-7.1,1.03,-9.02,-5.16,0.02,0.02,1672.0,5444.0,1.01
beta_id[511],1.34,0.79,-0.18,2.81,0.01,0.01,3248.0,9650.0,1.01
beta_id[512],-2.1,0.79,-3.58,-0.62,0.01,0.01,3589.0,11935.0,1.0
beta_id[513],-3.86,0.89,-5.52,-2.17,0.02,0.01,2534.0,7713.0,1.01
beta_id[514],1.49,0.79,0.02,2.98,0.01,0.01,3669.0,12201.0,1.0
beta_id[515],-0.47,0.79,-1.91,1.04,0.01,0.01,3510.0,11264.0,1.0
beta_id[516],-0.06,0.81,-1.56,1.47,0.02,0.01,2926.0,9355.0,1.01
beta_id[517],-2.76,0.93,-4.53,-1.04,0.02,0.01,2278.0,6739.0,1.01
beta_id[518],-0.43,0.81,-1.98,1.08,0.02,0.01,2807.0,8285.0,1.01
beta_id[519],-2.83,0.79,-4.35,-1.38,0.01,0.01,3517.0,12154.0,1.0
beta_id[520],-2.62,1.07,-4.58,-0.55,0.03,0.02,1634.0,4847.0,1.01
beta_id[521],-5.83,1.03,-7.79,-3.91,0.02,0.02,1699.0,5745.0,1.01
beta_id[522],-1.11,0.81,-2.64,0.39,0.02,0.01,3091.0,9149.0,1.01
beta_id[523],-1.22,0.8,-2.77,0.23,0.01,0.01,3148.0,9680.0,1.01
beta_id[524],-4.9,1.02,-6.82,-2.99,0.02,0.02,1617.0,5822.0,1.01
beta_id[525],-7.45,1.03,-9.36,-5.51,0.02,0.02,1660.0,6298.0,1.01
beta_id[526],0.94,0.81,-0.62,2.45,0.02,0.01,2800.0,9243.0,1.01
beta_id[527],-0.91,0.8,-2.41,0.58,0.01,0.01,3324.0,10312.0,1.01
beta_id[528],8.17,1.07,6.17,10.17,0.03,0.02,1638.0,4805.0,1.01
beta_id[529],-0.01,0.82,-1.56,1.55,0.02,0.01,2620.0,7704.0,1.01
beta_id[530],1.24,1.05,-0.75,3.19,0.03,0.02,1687.0,5737.0,1.01
beta_id[531],-0.39,0.79,-1.85,1.12,0.01,0.01,3118.0,9370.0,1.01
beta_id[532],-1.75,1.56,-4.68,1.15,0.04,0.03,1332.0,2284.0,1.01
beta_id[533],-4.38,1.03,-6.31,-2.44,0.02,0.02,1631.0,5210.0,1.01
beta_id[534],-2.5,1.03,-4.44,-0.57,0.02,0.02,1662.0,5645.0,1.01
beta_id[535],-0.78,0.8,-2.27,0.75,0.02,0.01,3053.0,10049.0,1.01
beta_id[536],-1.98,1.14,-4.13,0.15,0.03,0.02,1684.0,3371.0,1.01
beta_id[537],1.58,1.05,-0.36,3.6,0.03,0.02,1640.0,5238.0,1.01
beta_id[538],-2.83,0.81,-4.36,-1.31,0.01,0.01,3436.0,11761.0,1.0
beta_id[539],-2.78,1.02,-4.73,-0.88,0.02,0.02,1614.0,6154.0,1.01
beta_id[540],-0.04,0.82,-1.61,1.48,0.02,0.01,2673.0,8735.0,1.01
beta_id[541],5.0,1.04,3.07,6.96,0.02,0.02,1700.0,5066.0,1.01
beta_id[542],2.25,0.86,0.64,3.9,0.02,0.01,2796.0,8558.0,1.01
beta_id[543],3.19,0.8,1.66,4.66,0.01,0.01,3592.0,11832.0,1.0
beta_id[544],2.64,0.8,1.12,4.12,0.02,0.01,3043.0,9630.0,1.01
beta_id[545],1.04,0.83,-0.53,2.58,0.02,0.01,2624.0,8238.0,1.01
beta_id[546],-1.32,0.8,-2.84,0.17,0.02,0.01,3004.0,10059.0,1.01
beta_id[547],2.06,0.81,0.54,3.57,0.02,0.01,2831.0,8653.0,1.01
beta_id[548],0.42,0.83,-1.17,1.96,0.02,0.01,2652.0,8705.0,1.01
beta_id[549],1.08,0.79,-0.36,2.61,0.01,0.01,3455.0,10832.0,1.01
beta_id[550],0.36,0.81,-1.15,1.89,0.02,0.01,2950.0,10049.0,1.01
beta_id[551],3.09,0.85,1.5,4.71,0.02,0.01,2888.0,9591.0,1.01
beta_id[552],1.31,0.79,-0.16,2.79,0.01,0.01,3626.0,11344.0,1.0
beta_id[553],1.01,0.8,-0.48,2.54,0.02,0.01,3014.0,8987.0,1.01
beta_id[554],5.73,1.03,3.8,7.67,0.03,0.02,1550.0,6026.0,1.01
beta_id[555],-0.26,0.79,-1.72,1.25,0.01,0.01,3316.0,10165.0,1.0
beta_id[556],-0.17,0.8,-1.66,1.33,0.01,0.01,3191.0,9562.0,1.01
beta_id[557],-1.13,0.8,-2.66,0.36,0.02,0.01,2833.0,9219.0,1.01
beta_id[558],4.83,0.78,3.39,6.32,0.01,0.01,3528.0,11678.0,1.0
beta_id[559],0.22,0.8,-1.29,1.72,0.02,0.01,3036.0,8867.0,1.01
beta_id[560],-1.13,0.79,-2.62,0.38,0.01,0.01,3377.0,10582.0,1.01
beta_id[561],-0.23,0.81,-1.75,1.3,0.02,0.01,2913.0,9459.0,1.01
beta_id[562],-1.78,0.78,-3.25,-0.33,0.01,0.01,3569.0,13151.0,1.0
beta_id[563],-3.44,0.98,-5.23,-1.53,0.02,0.02,2055.0,4810.0,1.01
beta_id[564],1.11,0.79,-0.34,2.63,0.01,0.01,3373.0,10724.0,1.0
beta_id[565],-5.29,1.06,-7.27,-3.31,0.03,0.02,1679.0,5418.0,1.01
beta_id[566],-0.82,0.81,-2.3,0.74,0.02,0.01,2893.0,8789.0,1.01
beta_id[567],0.13,0.79,-1.38,1.58,0.01,0.01,3623.0,11436.0,1.0
beta_id[568],-1.36,0.78,-2.82,0.14,0.01,0.01,3603.0,11980.0,1.0
beta_id[569],-5.09,1.05,-7.08,-3.15,0.03,0.02,1618.0,4697.0,1.01
beta_id[570],0.08,0.8,-1.41,1.58,0.01,0.01,3283.0,9624.0,1.0
beta_id[571],3.22,0.8,1.73,4.74,0.02,0.01,2973.0,8660.0,1.01
beta_id[572],-0.47,0.87,-2.11,1.18,0.02,0.01,2730.0,7783.0,1.01
beta_id[573],-3.5,1.08,-5.54,-1.49,0.03,0.02,1632.0,4675.0,1.01
beta_id[574],1.22,0.79,-0.28,2.68,0.01,0.01,3575.0,11655.0,1.0
beta_id[575],-0.94,0.8,-2.46,0.54,0.01,0.01,3114.0,10072.0,1.01
beta_id[576],-2.05,1.08,-4.04,0.0,0.03,0.02,1595.0,4648.0,1.01
beta_id[577],-1.09,0.79,-2.57,0.4,0.01,0.01,3598.0,12245.0,1.0
beta_id[578],-1.11,0.79,-2.58,0.38,0.01,0.01,3529.0,12064.0,1.0
beta_id[579],1.02,1.02,-0.9,2.93,0.02,0.02,1647.0,6142.0,1.01
beta_id[580],1.63,0.81,0.09,3.15,0.02,0.01,2714.0,8545.0,1.01
beta_id[581],-0.58,0.83,-2.13,0.98,0.02,0.01,2653.0,8271.0,1.01
beta_id[582],-2.02,0.78,-3.51,-0.55,0.01,0.01,3577.0,12115.0,1.0
beta_id[583],0.0,0.8,-1.49,1.52,0.01,0.01,3633.0,12586.0,1.0
beta_id[584],-5.05,1.05,-7.03,-3.1,0.03,0.02,1629.0,5660.0,1.01
beta_id[585],-0.75,0.82,-2.29,0.81,0.02,0.01,2734.0,8587.0,1.01
beta_id[586],-4.53,1.02,-6.42,-2.59,0.02,0.02,1665.0,6200.0,1.01
beta_id[587],-1.98,0.79,-3.5,-0.52,0.01,0.01,3566.0,12327.0,1.0
beta_id[588],-1.09,0.82,-2.62,0.47,0.01,0.01,3210.0,10954.0,1.01
beta_id[589],2.79,1.02,0.92,4.76,0.03,0.02,1601.0,6294.0,1.0
beta_id[590],-0.42,0.79,-1.9,1.06,0.01,0.01,3403.0,11309.0,1.0
beta_id[591],0.02,0.8,-1.47,1.53,0.01,0.01,3493.0,11461.0,1.0
beta_id[592],-0.38,0.82,-1.92,1.18,0.02,0.01,2671.0,8195.0,1.01
beta_id[593],-0.3,0.82,-1.82,1.28,0.02,0.01,2630.0,8446.0,1.01
beta_id[594],-0.93,0.78,-2.4,0.54,0.01,0.01,3634.0,11178.0,1.0
beta_id[595],-0.57,0.79,-2.06,0.91,0.01,0.01,3642.0,11629.0,1.0
beta_id[596],-5.06,1.02,-6.99,-3.16,0.02,0.02,1666.0,5842.0,1.0
beta_id[597],-0.51,0.8,-2.04,0.96,0.01,0.01,3310.0,11505.0,1.01
beta_id[598],0.1,0.79,-1.39,1.59,0.01,0.01,3662.0,12212.0,1.0
beta_id[599],0.11,0.79,-1.37,1.6,0.01,0.01,3484.0,10600.0,1.0
beta_id[600],0.21,0.79,-1.26,1.7,0.01,0.01,3641.0,12676.0,1.0
beta_id[601],1.62,0.79,0.1,3.08,0.01,0.01,3251.0,10390.0,1.0
beta_id[602],-0.6,0.79,-2.09,0.89,0.01,0.01,3383.0,9719.0,1.01
beta_id[603],2.69,1.02,0.75,4.6,0.03,0.02,1578.0,6071.0,1.01
beta_id[604],0.3,0.8,-1.18,1.81,0.01,0.01,3626.0,12309.0,1.0
beta_id[605],1.01,0.81,-0.52,2.53,0.02,0.01,2938.0,9400.0,1.01
beta_id[606],10.44,1.03,8.53,12.4,0.03,0.02,1607.0,6457.0,1.0
beta_id[607],-6.26,1.04,-8.18,-4.26,0.03,0.02,1655.0,5128.0,1.01
beta_id[608],0.54,0.8,-0.95,2.07,0.02,0.01,3004.0,9595.0,1.01
beta_id[609],-0.79,0.82,-2.36,0.73,0.02,0.01,2718.0,8380.0,1.01
beta_id[610],-1.08,0.84,-2.64,0.51,0.02,0.01,2975.0,9277.0,1.01
beta_id[611],-0.33,0.8,-1.81,1.18,0.01,0.01,3465.0,12389.0,1.0
beta_id[612],-1.5,0.8,-3.01,-0.0,0.01,0.01,3056.0,10593.0,1.01
beta_id[613],-5.3,1.04,-7.25,-3.34,0.03,0.02,1645.0,5314.0,1.01
beta_id[614],-0.4,0.8,-1.91,1.12,0.02,0.01,2839.0,8656.0,1.01
beta_id[615],-0.09,0.84,-1.64,1.5,0.02,0.01,2988.0,9491.0,1.01
beta_id[616],-4.63,1.02,-6.51,-2.68,0.03,0.02,1520.0,5989.0,1.01
beta_id[617],0.03,0.8,-1.48,1.5,0.01,0.01,3293.0,10642.0,1.01
beta_id[618],-0.17,0.81,-1.72,1.33,0.02,0.01,2828.0,9078.0,1.01
beta_id[619],5.71,1.04,3.77,7.67,0.03,0.02,1631.0,5572.0,1.01
beta_id[620],-0.42,0.82,-1.96,1.12,0.02,0.01,2738.0,8509.0,1.01
beta_id[621],35.28,1.24,32.9,37.54,0.03,0.02,1307.0,4830.0,1.01
beta_id[622],1.12,0.79,-0.38,2.6,0.01,0.01,3574.0,12139.0,1.0
beta_id[623],0.26,0.79,-1.24,1.73,0.01,0.01,3624.0,12194.0,1.0
beta_id[624],-0.88,1.03,-2.82,1.06,0.03,0.02,1629.0,5681.0,1.01
beta_id[625],0.06,0.82,-1.5,1.58,0.01,0.01,3363.0,11453.0,1.0
beta_id[626],1.57,0.79,0.05,3.01,0.01,0.01,3406.0,11210.0,1.01
beta_id[627],2.69,0.81,1.2,4.24,0.01,0.01,3498.0,11352.0,1.0
beta_id[628],-2.46,1.06,-4.45,-0.47,0.03,0.02,1645.0,5247.0,1.01
beta_id[629],-1.15,0.79,-2.65,0.32,0.01,0.01,3395.0,10643.0,1.01
beta_id[630],1.74,0.78,0.28,3.22,0.01,0.01,3445.0,10098.0,1.0
beta_id[631],1.34,0.82,-0.18,2.88,0.02,0.01,2725.0,8177.0,1.01
beta_id[632],1.08,0.81,-0.43,2.6,0.02,0.01,2878.0,9982.0,1.01
beta_id[633],-8.44,1.02,-10.34,-6.51,0.03,0.02,1561.0,5598.0,1.01
beta_id[634],1.49,0.86,-0.16,3.08,0.02,0.01,2839.0,8679.0,1.01
beta_id[635],-1.13,0.99,-2.97,0.76,0.02,0.02,2067.0,4781.0,1.01
beta_id[636],3.02,1.03,1.09,4.98,0.03,0.02,1630.0,5409.0,1.01
beta_id[637],-2.19,0.89,-3.89,-0.55,0.02,0.01,2514.0,7079.0,1.01
beta_id[638],-1.62,0.79,-3.1,-0.13,0.01,0.01,3499.0,11388.0,1.0
beta_id[639],6.61,1.06,4.61,8.57,0.03,0.02,1458.0,5625.0,1.01
beta_id[640],-1.05,0.8,-2.56,0.43,0.01,0.01,3469.0,11998.0,1.0
beta_id[641],5.84,1.35,3.27,8.35,0.04,0.02,1455.0,2380.0,1.01
beta_id[642],4.25,0.79,2.8,5.77,0.01,0.01,3427.0,11621.0,1.01
beta_id[643],0.18,0.79,-1.31,1.66,0.01,0.01,3392.0,11065.0,1.0
beta_id[644],5.92,1.32,3.43,8.4,0.04,0.02,1458.0,2686.0,1.01
beta_id[645],-0.75,0.8,-2.27,0.74,0.01,0.01,3678.0,11804.0,1.0
beta_id[646],0.62,0.81,-0.9,2.14,0.02,0.01,2922.0,8952.0,1.01
beta_id[647],2.72,0.82,1.15,4.23,0.02,0.01,2763.0,8301.0,1.01
beta_id[648],-0.74,0.81,-2.27,0.8,0.02,0.01,2790.0,9521.0,1.01
beta_id[649],-0.56,0.82,-2.08,0.99,0.02,0.01,2815.0,8812.0,1.01
beta_id[650],0.92,0.8,-0.56,2.44,0.01,0.01,3409.0,10643.0,1.0
beta_id[651],-3.47,1.49,-6.31,-0.73,0.04,0.03,1355.0,2339.0,1.01
beta_id[652],-0.74,0.8,-2.24,0.78,0.02,0.01,2926.0,8419.0,1.01
beta_id[653],-1.41,0.8,-2.93,0.06,0.01,0.01,3169.0,9298.0,1.01
beta_id[654],-0.58,0.83,-2.17,0.95,0.02,0.01,2630.0,8072.0,1.01
beta_id[655],0.1,0.79,-1.38,1.6,0.01,0.01,3207.0,9688.0,1.01
beta_id[656],-4.77,1.05,-6.72,-2.79,0.03,0.02,1616.0,5204.0,1.01
beta_id[657],-1.21,0.79,-2.7,0.27,0.01,0.01,3443.0,11925.0,1.0
beta_id[658],-0.32,0.83,-1.89,1.23,0.02,0.01,2711.0,7577.0,1.01
beta_id[659],-7.17,1.02,-9.08,-5.24,0.02,0.02,1616.0,6012.0,1.0
beta_id[660],-0.72,0.8,-2.26,0.74,0.02,0.01,3011.0,9584.0,1.01
beta_id[661],1.41,0.82,-0.14,2.95,0.02,0.01,3201.0,10090.0,1.01
beta_id[662],1.91,1.29,-0.58,4.29,0.04,0.03,1169.0,3750.0,1.01
beta_id[663],0.57,0.82,-0.97,2.11,0.02,0.01,2884.0,8765.0,1.01
beta_id[664],-1.7,0.8,-3.19,-0.19,0.01,0.01,3642.0,11055.0,1.0
beta_id[665],-5.17,1.16,-7.33,-2.97,0.03,0.02,1626.0,3097.0,1.01
beta_id[666],1.11,0.79,-0.36,2.63,0.01,0.01,3388.0,9659.0,1.0
beta_id[667],-0.13,0.79,-1.58,1.38,0.01,0.01,3259.0,10296.0,1.01
beta_id[668],1.74,0.78,0.27,3.22,0.01,0.01,3536.0,10541.0,1.0
beta_id[669],5.99,0.81,4.45,7.5,0.01,0.01,3515.0,12173.0,1.0
beta_id[670],-2.11,0.79,-3.61,-0.64,0.01,0.01,3561.0,10834.0,1.0
beta_id[671],-1.38,1.19,-3.69,0.81,0.03,0.02,1563.0,2804.0,1.01
beta_id[672],-9.59,2.0,-13.34,-5.83,0.06,0.04,1216.0,2045.0,1.02
beta_id[673],-0.62,0.82,-2.17,0.9,0.02,0.01,2797.0,9512.0,1.01
beta_id[674],3.25,0.79,1.74,4.71,0.01,0.01,3458.0,9666.0,1.01
beta_id[675],0.56,0.8,-0.92,2.11,0.01,0.01,3137.0,9732.0,1.01
beta_id[676],2.78,0.82,1.24,4.33,0.02,0.01,2614.0,8887.0,1.01
beta_id[677],-5.85,1.03,-7.75,-3.86,0.02,0.02,1673.0,5822.0,1.01
beta_id[678],-0.34,0.79,-1.84,1.12,0.01,0.01,3583.0,11064.0,1.0
beta_id[679],1.83,0.8,0.31,3.33,0.01,0.01,3543.0,11330.0,1.0
beta_id[680],0.0,0.8,-1.48,1.53,0.01,0.01,3183.0,10210.0,1.01
beta_id[681],0.79,0.79,-0.72,2.24,0.01,0.01,3669.0,12456.0,1.0
beta_id[682],5.17,0.83,3.58,6.69,0.02,0.01,2654.0,9383.0,1.01
beta_id[683],-8.36,1.02,-10.27,-6.45,0.02,0.02,1617.0,6317.0,1.01
beta_id[684],0.25,0.81,-1.27,1.78,0.02,0.01,2881.0,8745.0,1.01
beta_id[685],0.96,0.81,-0.57,2.48,0.02,0.01,2755.0,7994.0,1.01
beta_id[686],1.26,0.8,-0.26,2.76,0.02,0.01,3053.0,9009.0,1.01
beta_id[687],-1.3,0.79,-2.78,0.18,0.01,0.01,3664.0,11415.0,1.0
beta_id[688],-1.56,0.8,-3.08,-0.07,0.01,0.01,3481.0,11791.0,1.0
beta_id[689],2.83,0.8,1.34,4.35,0.02,0.01,2965.0,9022.0,1.01
beta_id[690],-0.03,0.79,-1.52,1.45,0.01,0.01,3450.0,10800.0,1.01
beta_id[691],0.22,1.2,-1.97,2.52,0.03,0.02,1238.0,4492.0,1.01
beta_id[692],2.31,0.83,0.77,3.88,0.02,0.01,3222.0,10190.0,1.0
beta_id[693],1.56,0.8,0.07,3.06,0.01,0.01,3335.0,9682.0,1.0
beta_id[694],-5.97,1.08,-7.99,-3.93,0.03,0.02,1634.0,4842.0,1.01
beta_id[695],-0.43,0.8,-1.94,1.06,0.02,0.01,3035.0,8445.0,1.01
beta_id[696],-1.63,0.79,-3.12,-0.15,0.01,0.01,3240.0,10530.0,1.01
beta_id[697],0.02,0.82,-1.54,1.54,0.02,0.01,2671.0,8202.0,1.01
beta_id[698],-0.65,0.78,-2.12,0.82,0.01,0.01,3462.0,11469.0,1.0
beta_id[699],-0.59,0.78,-2.06,0.87,0.01,0.01,3583.0,11227.0,1.0
beta_id[700],7.04,1.02,5.13,8.98,0.02,0.02,1645.0,6106.0,1.01
beta_id[701],-0.3,0.81,-1.83,1.24,0.02,0.01,2879.0,9262.0,1.01
beta_id[702],-1.94,0.79,-3.4,-0.45,0.01,0.01,3552.0,10427.0,1.0
beta_id[703],-6.16,1.07,-8.13,-4.1,0.03,0.02,1630.0,5099.0,1.01
beta_id[704],-10.03,1.26,-12.41,-7.68,0.04,0.03,1179.0,4117.0,1.01
beta_id[705],-0.59,0.79,-2.03,0.92,0.01,0.01,3558.0,11081.0,1.0
beta_id[706],0.0,0.82,-1.52,1.53,0.02,0.01,2786.0,8564.0,1.01
beta_id[707],9.12,1.36,6.57,11.7,0.04,0.03,1164.0,3310.0,1.01
beta_id[708],12.33,0.88,10.64,13.96,0.02,0.01,2707.0,8087.0,1.01
beta_id[709],0.52,1.06,-1.46,2.51,0.03,0.02,1419.0,5430.0,1.01
beta_id[710],-0.96,0.79,-2.44,0.52,0.01,0.01,3146.0,10495.0,1.01
beta_id[711],-0.61,0.82,-2.12,0.95,0.02,0.01,2661.0,8201.0,1.01
beta_id[712],1.84,0.8,0.3,3.3,0.01,0.01,3575.0,11584.0,1.0
beta_id[713],11.95,1.38,9.31,14.51,0.04,0.03,1167.0,3320.0,1.01
beta_id[714],1.85,0.79,0.31,3.3,0.01,0.01,3293.0,11056.0,1.01
beta_id[715],0.35,0.81,-1.15,1.87,0.02,0.01,2931.0,8468.0,1.01
beta_id[716],-0.53,0.79,-2.04,0.92,0.01,0.01,3697.0,12127.0,1.0
beta_id[717],2.46,0.82,0.94,4.02,0.02,0.01,2722.0,7409.0,1.01
beta_id[718],-1.61,0.79,-3.11,-0.15,0.01,0.01,3557.0,11262.0,1.0
beta_id[719],-1.21,0.8,-2.74,0.28,0.01,0.01,3487.0,12198.0,1.0
beta_id[720],-4.63,1.03,-6.57,-2.7,0.02,0.02,1646.0,5471.0,1.01
beta_id[721],-0.71,0.82,-2.26,0.8,0.02,0.01,2750.0,9338.0,1.01
beta_id[722],0.55,0.83,-1.0,2.11,0.02,0.01,3037.0,9777.0,1.01
beta_id[723],2.12,0.79,0.63,3.6,0.01,0.01,3281.0,10210.0,1.01
beta_id[724],-0.61,0.79,-2.12,0.87,0.01,0.01,3272.0,11085.0,1.01
beta_id[725],0.04,0.86,-1.56,1.67,0.02,0.01,2859.0,8400.0,1.01
beta_id[726],-0.35,0.88,-1.97,1.32,0.02,0.01,2590.0,7708.0,1.01
beta_id[727],2.66,0.79,1.15,4.11,0.01,0.01,3479.0,12143.0,1.0
beta_id[728],1.04,0.81,-0.5,2.55,0.02,0.01,2768.0,8860.0,1.01
beta_id[729],-0.42,0.79,-1.89,1.08,0.01,0.01,3295.0,11376.0,1.0
beta_id[730],-9.78,2.0,-13.57,-6.07,0.06,0.04,1208.0,1964.0,1.02
beta_id[731],0.48,0.81,-1.05,2.0,0.02,0.01,3010.0,9220.0,1.01
beta_id[732],-0.16,0.8,-1.61,1.38,0.01,0.01,3189.0,9439.0,1.01
beta_id[733],0.34,0.82,-1.19,1.92,0.02,0.01,2716.0,8241.0,1.01
beta_id[734],0.04,0.79,-1.42,1.56,0.01,0.01,3204.0,9386.0,1.0
beta_id[735],1.58,0.82,0.03,3.15,0.02,0.01,2607.0,8422.0,1.01
beta_id[736],-0.6,0.81,-2.12,0.92,0.02,0.01,2873.0,8263.0,1.01
beta_id[737],3.91,1.02,1.98,5.83,0.02,0.02,1637.0,6096.0,1.01
beta_id[738],0.44,0.93,-1.35,2.17,0.02,0.01,2302.0,5939.0,1.01
beta_id[739],-3.3,0.84,-4.85,-1.69,0.02,0.01,2992.0,9106.0,1.01
beta_id[740],-0.96,0.8,-2.45,0.55,0.01,0.01,3142.0,9506.0,1.01
beta_id[741],-1.16,0.78,-2.67,0.27,0.01,0.01,3607.0,12483.0,1.0
beta_id[742],0.61,0.82,-0.94,2.13,0.02,0.01,2734.0,8502.0,1.01
beta_id[743],-0.79,0.82,-2.32,0.76,0.02,0.01,2640.0,8371.0,1.01
beta_id[744],-0.3,0.81,-1.81,1.25,0.02,0.01,2921.0,8913.0,1.01
beta_id[745],1.33,0.79,-0.18,2.8,0.01,0.01,3290.0,10569.0,1.01
beta_id[746],1.45,0.79,-0.06,2.93,0.01,0.01,3240.0,10415.0,1.01
beta_id[747],-0.0,0.82,-1.53,1.56,0.02,0.01,2553.0,7871.0,1.01
beta_id[748],-1.01,0.81,-2.5,0.54,0.02,0.01,2876.0,8333.0,1.01
beta_id[749],-0.28,0.8,-1.8,1.22,0.02,0.01,2965.0,8844.0,1.01
beta_id[750],-0.48,0.81,-1.97,1.06,0.02,0.01,2908.0,8541.0,1.01
beta_id[751],-5.96,1.04,-7.91,-4.0,0.03,0.02,1650.0,5454.0,1.01
beta_id[752],-1.69,0.79,-3.19,-0.23,0.01,0.01,3752.0,13080.0,1.0
beta_id[753],9.14,1.03,7.21,11.06,0.02,0.02,1639.0,5938.0,1.01
beta_id[754],1.25,1.04,-0.71,3.2,0.02,0.02,1667.0,5680.0,1.01
beta_id[755],-0.13,0.79,-1.58,1.37,0.01,0.01,3477.0,10266.0,1.0
beta_id[756],-1.26,0.79,-2.72,0.24,0.01,0.01,3194.0,9700.0,1.01
beta_id[757],-2.66,1.04,-4.6,-0.68,0.02,0.02,1890.0,4090.0,1.01
beta_id[758],-0.02,0.83,-1.6,1.54,0.02,0.01,2698.0,8094.0,1.01
beta_id[759],-4.72,1.07,-6.71,-2.69,0.03,0.02,1635.0,5068.0,1.01
beta_id[760],2.62,0.79,1.11,4.09,0.01,0.01,3184.0,10217.0,1.01
beta_id[761],1.59,1.0,-0.29,3.46,0.02,0.02,2004.0,4311.0,1.01
beta_id[762],7.36,1.03,5.42,9.29,0.03,0.02,1630.0,5853.0,1.01
beta_id[763],8.57,1.04,6.62,10.53,0.03,0.02,1529.0,6037.0,1.01
beta_id[764],-2.73,0.82,-4.24,-1.17,0.01,0.01,3274.0,9981.0,1.0
beta_id[765],-0.72,0.79,-2.2,0.76,0.01,0.01,3352.0,10247.0,1.0
beta_id[766],-1.1,0.8,-2.61,0.4,0.02,0.01,2877.0,9235.0,1.01
beta_id[767],-0.29,0.8,-1.79,1.23,0.01,0.01,3182.0,10189.0,1.01
beta_id[768],-1.52,1.04,-3.49,0.45,0.02,0.02,1892.0,3895.0,1.01
beta_id[769],-0.28,0.78,-1.76,1.19,0.01,0.01,3520.0,12715.0,1.0
beta_id[770],-0.51,0.81,-2.04,0.98,0.02,0.01,2990.0,9763.0,1.01
beta_id[771],0.01,0.81,-1.5,1.52,0.02,0.01,2876.0,9479.0,1.01
beta_id[772],-2.29,1.18,-4.52,-0.07,0.03,0.02,1583.0,2979.0,1.01
beta_id[773],-2.74,0.81,-4.27,-1.22,0.01,0.01,3177.0,10269.0,1.01
beta_id[774],-3.44,0.83,-5.01,-1.89,0.02,0.01,3120.0,9967.0,1.01
beta_id[775],1.95,0.79,0.46,3.43,0.01,0.01,3212.0,10528.0,1.01
beta_id[776],-6.37,1.02,-8.29,-4.46,0.02,0.02,1602.0,6364.0,1.0
beta_id[777],-0.79,0.82,-2.32,0.75,0.02,0.01,2823.0,8562.0,1.01
beta_id[778],5.91,0.83,4.41,7.52,0.01,0.01,3290.0,10929.0,1.0
beta_id[779],-0.73,0.78,-2.18,0.75,0.01,0.01,3580.0,12511.0,1.0
beta_id[780],-5.03,1.06,-6.99,-3.0,0.03,0.02,1669.0,5204.0,1.01
beta_id[781],1.43,0.8,-0.07,2.94,0.01,0.01,3248.0,10444.0,1.01
beta_id[782],1.23,0.78,-0.27,2.67,0.01,0.01,3480.0,10763.0,1.0
beta_id[783],-4.6,1.25,-7.0,-2.32,0.03,0.02,1527.0,2884.0,1.01
beta_id[784],0.1,0.82,-1.43,1.65,0.02,0.01,2643.0,8365.0,1.01
beta_id[785],-4.0,1.08,-6.02,-1.99,0.03,0.02,1615.0,4404.0,1.01
beta_id[786],-0.06,0.81,-1.55,1.48,0.02,0.01,2912.0,9149.0,1.01
beta_id[787],-1.23,0.79,-2.7,0.25,0.01,0.01,3689.0,11978.0,1.0
beta_id[788],-0.92,0.81,-2.42,0.63,0.02,0.01,2877.0,8700.0,1.01
beta_id[789],-1.07,0.82,-2.56,0.5,0.02,0.01,2799.0,10045.0,1.01
beta_id[790],-3.51,1.03,-5.43,-1.58,0.03,0.02,1509.0,6219.0,1.01
beta_id[791],-1.46,0.8,-2.98,0.01,0.01,0.01,3040.0,9046.0,1.01
beta_id[792],3.7,1.03,1.74,5.6,0.03,0.02,1495.0,5602.0,1.01
beta_id[793],0.63,0.8,-0.89,2.11,0.01,0.01,3100.0,9868.0,1.01
beta_id[794],-2.07,0.79,-3.52,-0.56,0.01,0.01,3622.0,12076.0,1.0
beta_id[795],0.2,0.82,-1.33,1.76,0.02,0.01,2628.0,8002.0,1.01
beta_id[796],6.04,1.04,4.07,7.98,0.03,0.02,1650.0,5773.0,1.01
beta_id[797],-1.97,0.79,-3.46,-0.48,0.01,0.01,3600.0,11381.0,1.0
beta_id[798],3.85,0.81,2.33,5.35,0.01,0.01,3531.0,12121.0,1.0
beta_id[799],-1.31,1.08,-3.35,0.7,0.03,0.02,1645.0,5348.0,1.01
beta_id[800],-0.8,0.8,-2.3,0.68,0.01,0.01,3304.0,10604.0,1.01
beta_id[801],-1.47,0.8,-2.98,0.02,0.01,0.01,3079.0,10167.0,1.01
beta_id[802],-1.52,0.79,-3.01,-0.02,0.01,0.01,3220.0,9696.0,1.01
beta_id[803],-0.95,0.83,-2.51,0.62,0.02,0.01,3046.0,9442.0,1.01
beta_id[804],-0.29,1.02,-2.19,1.65,0.02,0.02,1663.0,5951.0,1.01
beta_id[805],-1.07,0.81,-2.57,0.45,0.02,0.01,2997.0,9339.0,1.01
beta_id[806],0.23,0.81,-1.31,1.73,0.02,0.01,2838.0,9171.0,1.01
beta_id[807],-0.84,0.97,-2.71,0.94,0.02,0.02,2126.0,5226.0,1.01
beta_id[808],-1.31,0.8,-2.84,0.19,0.01,0.01,3546.0,11912.0,1.0
beta_id[809],3.61,0.82,2.06,5.14,0.01,0.01,3350.0,11474.0,1.0
beta_id[810],-0.77,0.92,-2.52,0.93,0.02,0.01,2326.0,5940.0,1.01
beta_id[811],-6.41,1.03,-8.3,-4.45,0.02,0.02,1648.0,5842.0,1.01
beta_id[812],2.04,0.79,0.58,3.54,0.01,0.01,3289.0,9961.0,1.01
beta_id[813],0.62,0.78,-0.86,2.09,0.01,0.01,3667.0,11986.0,1.0
beta_id[814],-0.32,0.82,-1.85,1.23,0.02,0.01,2833.0,9559.0,1.01
beta_id[815],-2.81,1.04,-4.74,-0.84,0.03,0.02,1603.0,5716.0,1.01
beta_id[816],-1.62,0.78,-3.1,-0.14,0.01,0.01,3648.0,11755.0,1.0
beta_id[817],-1.29,0.8,-2.75,0.23,0.01,0.01,3313.0,10632.0,1.0
beta_id[818],-3.52,0.83,-5.06,-1.94,0.02,0.01,3160.0,9517.0,1.0
beta_id[819],-0.78,0.82,-2.31,0.78,0.02,0.01,2759.0,8918.0,1.01
beta_id[820],-0.68,0.81,-2.16,0.88,0.02,0.01,2939.0,9046.0,1.01
beta_id[821],-6.61,1.42,-9.29,-3.94,0.04,0.03,1417.0,2519.0,1.01
beta_id[822],-1.04,0.79,-2.55,0.44,0.01,0.01,3186.0,9736.0,1.01
beta_id[823],19.54,1.05,17.59,21.52,0.03,0.02,1564.0,5928.0,1.01
beta_id[824],24.72,1.49,21.88,27.49,0.04,0.03,1201.0,3133.0,1.01
beta_id[825],3.54,0.79,2.03,4.99,0.01,0.01,3755.0,11915.0,1.0
beta_id[826],-0.5,0.79,-2.03,0.96,0.01,0.01,3059.0,9573.0,1.01
beta_id[827],-3.4,1.16,-5.6,-1.22,0.03,0.02,1257.0,4655.0,1.01
beta_id[828],0.27,0.82,-1.27,1.82,0.02,0.01,3108.0,10167.0,1.01
beta_id[829],-1.79,0.78,-3.27,-0.32,0.01,0.01,3632.0,11842.0,1.0
beta_id[830],1.04,1.3,-1.45,3.45,0.04,0.03,1175.0,3566.0,1.01
beta_id[831],4.91,1.05,2.95,6.89,0.03,0.02,1437.0,5425.0,1.01
beta_id[832],-0.03,0.82,-1.6,1.48,0.02,0.01,2773.0,8799.0,1.01
beta_id[833],0.16,0.85,-1.43,1.75,0.02,0.01,2854.0,8469.0,1.01
beta_id[834],1.13,0.79,-0.36,2.6,0.01,0.01,3661.0,12464.0,1.0
beta_id[835],-7.92,1.03,-9.8,-5.96,0.02,0.02,1667.0,5760.0,1.01
beta_id[836],0.32,0.8,-1.14,1.88,0.02,0.01,3027.0,8573.0,1.01
beta_id[837],0.23,0.82,-1.3,1.77,0.02,0.01,2720.0,9151.0,1.01
beta_id[838],-0.68,0.81,-2.17,0.86,0.02,0.01,2875.0,8402.0,1.01
beta_id[839],3.82,0.83,2.28,5.4,0.02,0.01,2631.0,8071.0,1.01
beta_id[840],-2.98,1.02,-4.9,-1.07,0.02,0.02,1657.0,5984.0,1.01
beta_id[841],-0.6,0.82,-2.15,0.94,0.02,0.01,2795.0,9066.0,1.01
beta_id[842],1.91,1.96,-1.82,5.56,0.06,0.04,1123.0,2300.0,1.02
beta_id[843],15.17,1.1,13.09,17.2,0.03,0.02,1383.0,5626.0,1.01
beta_id[844],0.93,0.79,-0.55,2.43,0.01,0.01,3179.0,9105.0,1.01
beta_id[845],-0.09,0.82,-1.68,1.43,0.02,0.01,2529.0,8329.0,1.01
beta_id[846],12.85,1.05,10.83,14.76,0.03,0.02,1687.0,5670.0,1.01
beta_id[847],-5.54,1.02,-7.39,-3.55,0.02,0.02,1648.0,6465.0,1.01
beta_id[848],0.68,0.83,-0.84,2.27,0.02,0.01,2667.0,7940.0,1.01
beta_id[849],0.47,0.81,-1.05,2.02,0.02,0.01,2852.0,7735.0,1.01
beta_id[850],-2.07,0.83,-3.62,-0.5,0.02,0.01,3016.0,9596.0,1.01
beta_id[851],13.84,1.04,11.88,15.8,0.03,0.02,1657.0,5316.0,1.01
beta_id[852],8.44,1.09,6.39,10.49,0.03,0.02,1373.0,5563.0,1.01
beta_id[853],1.17,0.8,-0.32,2.68,0.01,0.01,3116.0,10024.0,1.01
beta_id[854],-0.4,0.79,-1.88,1.07,0.01,0.01,3589.0,10634.0,1.0
beta_id[855],1.24,1.02,-0.61,3.21,0.03,0.02,1590.0,6099.0,1.01
beta_id[856],-6.47,1.07,-8.52,-4.48,0.03,0.02,1609.0,5101.0,1.01
beta_id[857],-0.92,0.82,-2.48,0.6,0.02,0.01,2694.0,8509.0,1.01
beta_id[858],0.5,0.83,-1.03,2.07,0.02,0.01,2596.0,8123.0,1.01
beta_id[859],-2.37,0.86,-3.95,-0.74,0.02,0.01,2762.0,8109.0,1.01
beta_id[860],-3.75,0.87,-5.4,-2.16,0.02,0.01,2783.0,7866.0,1.01
beta_id[861],-1.62,0.79,-3.13,-0.18,0.01,0.01,3284.0,9630.0,1.01
beta_id[862],14.62,1.03,12.66,16.54,0.02,0.02,1676.0,6179.0,1.0
beta_id[863],16.69,1.03,14.71,18.6,0.03,0.02,1636.0,6008.0,1.01
beta_id[864],-0.14,0.8,-1.63,1.38,0.02,0.01,3051.0,9027.0,1.01
beta_id[865],-5.03,1.03,-6.98,-3.11,0.03,0.02,1571.0,6412.0,1.0
beta_id[866],-0.27,0.78,-1.73,1.22,0.01,0.01,3562.0,11479.0,1.0
beta_id[867],-1.07,0.79,-2.58,0.39,0.01,0.01,3302.0,10993.0,1.01
beta_id[868],0.81,1.31,-1.65,3.3,0.04,0.03,1166.0,3508.0,1.01
beta_id[869],8.98,1.05,7.03,10.98,0.03,0.02,1636.0,5056.0,1.01
beta_id[870],7.63,1.02,5.67,9.51,0.03,0.02,1610.0,5976.0,1.0
beta_id[871],-0.39,0.81,-1.91,1.12,0.02,0.01,3098.0,9439.0,1.01
beta_id[872],-0.38,0.82,-1.92,1.17,0.02,0.01,2749.0,8475.0,1.01
beta_id[873],-0.81,0.81,-2.34,0.69,0.02,0.01,2992.0,8585.0,1.01
beta_id[874],-0.04,1.03,-1.95,1.92,0.02,0.02,1631.0,5815.0,1.01
beta_id[875],-0.36,0.82,-1.93,1.18,0.02,0.01,2616.0,8229.0,1.01
beta_id[876],-1.3,0.8,-2.78,0.21,0.01,0.01,3220.0,9619.0,1.01
beta_id[877],-4.45,1.09,-6.49,-2.42,0.03,0.02,1652.0,4543.0,1.01
beta_id[878],3.19,1.2,0.93,5.44,0.03,0.02,1220.0,4125.0,1.01
beta_id[879],-1.17,0.79,-2.64,0.33,0.01,0.01,3356.0,10260.0,1.0
beta_id[880],-0.71,0.8,-2.24,0.78,0.02,0.01,2942.0,9356.0,1.01
beta_id[881],-0.07,0.8,-1.55,1.44,0.01,0.01,3166.0,8890.0,1.01
beta_id[882],-0.34,0.83,-1.87,1.23,0.02,0.01,3195.0,10592.0,1.01
beta_id[883],-4.38,1.04,-6.35,-2.41,0.03,0.02,1652.0,4819.0,1.01
beta_id[884],1.28,0.81,-0.23,2.8,0.02,0.01,2930.0,9114.0,1.01
beta_id[885],-1.43,0.8,-2.92,0.08,0.02,0.01,3036.0,10513.0,1.01
beta_id[886],0.32,0.79,-1.17,1.81,0.01,0.01,3638.0,12343.0,1.0
beta_id[887],0.87,1.26,-1.54,3.19,0.04,0.03,1175.0,3872.0,1.01
beta_id[888],-0.71,0.78,-2.18,0.76,0.01,0.01,3508.0,11293.0,1.01
beta_id[889],7.82,1.04,5.82,9.74,0.03,0.02,1659.0,5170.0,1.01
beta_id[890],-0.13,0.8,-1.63,1.37,0.01,0.01,3163.0,9198.0,1.01
beta_id[891],-5.93,1.08,-7.96,-3.91,0.03,0.02,1613.0,4966.0,1.01
beta_id[892],-0.85,0.79,-2.32,0.65,0.01,0.01,3625.0,11209.0,1.0
beta_id[893],-0.48,0.8,-1.99,1.01,0.01,0.01,3364.0,9201.0,1.0
beta_id[894],-0.14,0.82,-1.67,1.43,0.02,0.01,2667.0,8873.0,1.01
beta_id[895],0.44,0.79,-1.02,1.93,0.01,0.01,3601.0,12358.0,1.0
beta_id[896],2.99,0.82,1.47,4.54,0.01,0.01,3256.0,10624.0,1.0
beta_id[897],1.16,0.78,-0.32,2.62,0.01,0.01,3432.0,11778.0,1.01
beta_id[898],-0.76,0.8,-2.24,0.78,0.01,0.01,3113.0,9152.0,1.01
beta_id[899],-0.62,0.81,-2.1,0.93,0.02,0.01,2834.0,8833.0,1.01
beta_id[900],-1.24,0.81,-2.79,0.25,0.02,0.01,2988.0,8907.0,1.01
beta_id[901],-1.92,0.79,-3.38,-0.4,0.01,0.01,3449.0,11786.0,1.0
beta_id[902],0.45,0.8,-1.06,1.93,0.01,0.01,3216.0,9999.0,1.01
beta_id[903],-0.74,0.78,-2.2,0.74,0.01,0.01,3540.0,10853.0,1.0
beta_id[904],-0.61,0.82,-2.12,0.94,0.02,0.01,2770.0,8594.0,1.01
beta_id[905],0.0,0.8,-1.49,1.5,0.01,0.01,3096.0,9042.0,1.01
beta_id[906],0.69,0.8,-0.83,2.18,0.02,0.01,2973.0,10003.0,1.01
beta_id[907],0.45,0.96,-1.33,2.28,0.02,0.02,2178.0,5145.0,1.01
beta_id[908],-0.28,0.82,-1.81,1.27,0.02,0.01,2695.0,8076.0,1.01
beta_id[909],3.72,0.89,2.01,5.38,0.02,0.01,2496.0,7312.0,1.01
beta_id[910],-0.23,0.81,-1.73,1.3,0.02,0.01,3010.0,9060.0,1.01
beta_id[911],4.39,0.8,2.91,5.88,0.01,0.01,3672.0,12612.0,1.0
beta_id[912],1.51,0.83,-0.05,3.04,0.02,0.01,2644.0,7981.0,1.01
beta_id[913],-4.44,0.96,-6.28,-2.66,0.02,0.02,2115.0,5320.0,1.01
beta_id[914],0.15,0.81,-1.36,1.66,0.02,0.01,2940.0,8907.0,1.01
beta_id[915],0.29,0.79,-1.18,1.81,0.01,0.01,3204.0,10525.0,1.01
beta_id[916],0.82,0.79,-0.7,2.28,0.01,0.01,3776.0,11643.0,1.0
beta_id[917],-0.17,0.82,-1.71,1.35,0.02,0.01,2726.0,8714.0,1.01
beta_id[918],-1.25,0.8,-2.74,0.29,0.01,0.01,3467.0,11226.0,1.0
beta_id[919],-4.33,1.09,-6.38,-2.29,0.03,0.02,1633.0,4731.0,1.01
beta_id[920],-0.82,0.82,-2.38,0.7,0.02,0.01,2767.0,9433.0,1.01
beta_id[921],0.0,0.83,-1.56,1.57,0.02,0.01,2646.0,7893.0,1.01
beta_id[922],-1.59,0.81,-3.09,-0.05,0.01,0.01,3347.0,10262.0,1.0
beta_id[923],-0.27,0.81,-1.78,1.27,0.02,0.01,2818.0,8605.0,1.01
beta_id[924],-0.91,1.03,-2.82,1.04,0.02,0.02,1665.0,5595.0,1.01
beta_id[925],-5.13,1.07,-7.11,-3.11,0.03,0.02,1669.0,5081.0,1.01
beta_id[926],0.38,0.78,-1.1,1.86,0.01,0.01,3487.0,10113.0,1.0
beta_id[927],-0.4,0.82,-1.94,1.15,0.02,0.01,2803.0,8461.0,1.01
beta_id[928],-2.65,1.02,-4.55,-0.72,0.02,0.02,1649.0,6072.0,1.01
beta_id[929],0.49,0.82,-1.05,2.06,0.02,0.01,2747.0,8293.0,1.01
beta_id[930],5.98,0.8,4.54,7.52,0.01,0.01,3313.0,10156.0,1.01
beta_id[931],-1.75,0.78,-3.2,-0.27,0.01,0.01,3623.0,10943.0,1.0
beta_id[932],-1.02,0.82,-2.57,0.52,0.02,0.01,2794.0,7867.0,1.01
beta_id[933],-7.24,1.03,-9.15,-5.29,0.02,0.02,1649.0,5916.0,1.01
beta_id[934],0.15,0.82,-1.38,1.68,0.02,0.01,2805.0,9004.0,1.01
beta_id[935],-0.54,0.83,-2.1,1.02,0.02,0.01,2673.0,8877.0,1.01
beta_id[936],-0.12,0.8,-1.61,1.38,0.01,0.01,3287.0,10068.0,1.01
beta_id[937],-4.12,1.05,-6.09,-2.15,0.02,0.02,1857.0,3769.0,1.01
beta_id[938],-0.33,0.81,-1.82,1.22,0.02,0.01,3027.0,8987.0,1.01
beta_id[939],-0.7,0.8,-2.2,0.79,0.01,0.01,3578.0,12610.0,1.0
beta_id[940],-0.61,0.83,-2.18,0.93,0.02,0.01,2651.0,8162.0,1.01
beta_id[941],5.33,1.04,3.36,7.27,0.03,0.02,1655.0,5140.0,1.01
beta_id[942],0.73,0.82,-0.83,2.28,0.02,0.01,2690.0,8380.0,1.01
beta_id[943],-0.04,0.79,-1.52,1.46,0.01,0.01,3298.0,10698.0,1.0
beta_id[944],2.83,1.03,0.86,4.72,0.02,0.02,1674.0,5702.0,1.01
beta_id[945],13.35,1.64,10.2,16.36,0.05,0.03,1177.0,2632.0,1.01
beta_id[946],1.63,0.8,0.1,3.11,0.02,0.01,3003.0,9267.0,1.01
beta_id[947],-0.62,0.82,-2.14,0.92,0.02,0.01,2757.0,7918.0,1.01
beta_id[948],0.35,0.79,-1.14,1.83,0.01,0.01,3624.0,12059.0,1.0
beta_id[949],-1.12,0.79,-2.59,0.39,0.01,0.01,3126.0,10209.0,1.01
beta_id[950],-1.05,0.78,-2.53,0.44,0.01,0.01,3530.0,11446.0,1.0
beta_id[951],0.13,0.82,-1.39,1.68,0.02,0.01,2713.0,7894.0,1.01
beta_id[952],0.16,0.8,-1.36,1.65,0.01,0.01,3074.0,9756.0,1.01
beta_id[953],-2.07,0.78,-3.56,-0.6,0.01,0.01,3467.0,11330.0,1.0
beta_id[954],-4.43,1.02,-6.31,-2.47,0.02,0.02,1618.0,5147.0,1.01
beta_id[955],-0.54,0.81,-2.07,0.98,0.02,0.01,2969.0,8641.0,1.01
beta_id[956],-1.05,0.81,-2.58,0.48,0.02,0.01,2920.0,8974.0,1.01
beta_id[957],-2.65,1.08,-4.64,-0.58,0.03,0.02,1611.0,4501.0,1.01
beta_id[958],1.58,0.83,0.06,3.15,0.02,0.01,3110.0,9998.0,1.0
beta_id[959],1.04,0.82,-0.53,2.54,0.02,0.01,2840.0,8900.0,1.01
beta_id[960],-2.3,0.91,-4.03,-0.59,0.02,0.01,2359.0,6363.0,1.01
beta_id[961],-0.61,0.81,-2.14,0.92,0.02,0.01,2778.0,8938.0,1.01
beta_id[962],5.05,1.03,3.1,6.96,0.03,0.02,1609.0,5907.0,1.01
beta_id[963],0.8,0.79,-0.67,2.31,0.01,0.01,3202.0,10113.0,1.01
beta_id[964],-1.22,0.79,-2.7,0.28,0.01,0.01,3223.0,11309.0,1.01
beta_id[965],-2.13,1.04,-4.07,-0.16,0.03,0.02,1640.0,5466.0,1.01
beta_id[966],-1.93,1.06,-3.97,0.04,0.03,0.02,1641.0,4993.0,1.01
beta_id[967],0.52,0.79,-0.95,2.01,0.01,0.01,3159.0,9923.0,1.01
beta_id[968],1.08,0.79,-0.45,2.54,0.01,0.01,3155.0,9633.0,1.01
beta_id[969],0.68,0.8,-0.79,2.2,0.01,0.01,3265.0,9269.0,1.01
beta_id[970],-0.38,0.81,-1.91,1.13,0.02,0.01,2719.0,8712.0,1.01
beta_id[971],-2.63,1.06,-4.58,-0.62,0.03,0.02,1653.0,5545.0,1.01
beta_id[972],-2.37,1.06,-4.36,-0.37,0.03,0.02,1684.0,5473.0,1.01
beta_id[973],-0.1,1.02,-2.0,1.85,0.03,0.02,1608.0,5892.0,1.01
beta_id[974],-0.3,0.81,-1.8,1.22,0.02,0.01,2928.0,9010.0,1.01
beta_id[975],2.12,0.81,0.6,3.65,0.02,0.01,2842.0,8702.0,1.01
beta_id[976],-2.53,1.02,-4.46,-0.64,0.02,0.02,1627.0,5874.0,1.01
beta_id[977],2.16,0.8,0.63,3.63,0.01,0.01,3196.0,10512.0,1.01
beta_id[978],2.68,0.88,1.06,4.39,0.02,0.01,2627.0,6551.0,1.01
beta_id[979],0.2,0.8,-1.28,1.73,0.01,0.01,3088.0,9721.0,1.01
beta_id[980],-0.48,0.82,-2.06,1.04,0.02,0.01,2668.0,8485.0,1.01
beta_id[981],-0.5,0.79,-2.01,0.96,0.01,0.01,3179.0,9349.0,1.01
beta_id[982],-3.94,1.05,-5.9,-1.96,0.03,0.02,1647.0,5584.0,1.01
beta_id[983],-0.46,0.82,-2.01,1.09,0.02,0.01,2673.0,8264.0,1.01
beta_id[984],-2.77,0.79,-4.28,-1.29,0.01,0.01,3701.0,12582.0,1.0
beta_id[985],-0.47,0.82,-2.01,1.06,0.02,0.01,2625.0,8480.0,1.01
beta_id[986],-0.3,0.82,-1.84,1.26,0.02,0.01,2636.0,8436.0,1.01
beta_id[987],-2.82,1.03,-4.78,-0.88,0.03,0.02,1561.0,6103.0,1.01
beta_id[988],2.22,0.81,0.71,3.77,0.02,0.01,2818.0,9009.0,1.01
beta_id[989],-4.16,1.06,-6.15,-2.19,0.03,0.02,1660.0,5003.0,1.01
beta_id[990],-4.61,1.08,-6.64,-2.6,0.03,0.02,1620.0,4550.0,1.01
beta_id[991],-2.58,0.79,-4.08,-1.12,0.01,0.01,3621.0,12051.0,1.0
beta_id[992],8.87,1.03,6.85,10.74,0.03,0.02,1644.0,5602.0,1.01
beta_id[993],-5.14,1.03,-7.03,-3.19,0.02,0.02,1667.0,5535.0,1.01
beta_id[994],-0.89,0.79,-2.4,0.57,0.01,0.01,3416.0,10717.0,1.0
beta_id[995],5.21,0.8,3.72,6.72,0.01,0.01,3141.0,10054.0,1.01
beta_id[996],1.72,1.05,-0.24,3.68,0.03,0.02,1642.0,5188.0,1.01
beta_id[997],-0.41,0.82,-1.96,1.15,0.02,0.01,2616.0,8204.0,1.01
beta_id[998],-0.03,0.83,-1.58,1.55,0.02,0.01,2606.0,7788.0,1.01
beta_id[999],-5.74,1.08,-7.78,-3.73,0.03,0.02,1638.0,4773.0,1.01
beta_visit_num,0.11,0.02,0.08,0.14,0.0,0.0,105131.0,68942.0,1.0
beta_lagged_sales_num,0.29,0.01,0.28,0.3,0.0,0.0,60323.0,61807.0,1.0
beta_exp10,5.78,0.83,4.22,7.36,0.03,0.02,814.0,2237.0,1.01
beta_avg_samp,2.76,0.49,1.84,3.68,0.02,0.01,1047.0,1730.0,1.02
sigma,3.37,0.02,3.34,3.4,0.0,0.0,145880.0,59356.0,1.0
